User ID,Pearson Data
1,"[(926, 1.5754487881463624), (581, 1.554427224849856), (444, 1.5308346046005754)]"
2,"[(640, 1.4843590324255815), (147, 1.4458299501227327), (127, 1.346948039034725)]"
3,"[(750, 1.6127770336290688), (188, 1.5093134604477096), (818, 1.3487853193630184)]"
4,"[(746, 1.6430027080629923), (72, 1.6158049904211484), (648, 1.5571513960009375)]"
5,"[(203, 1.806409828119143), (241, 1.6842149486919582), (942, 1.5694105248311963)]"
6,"[(390, 1.4132734775017348), (490, 1.24932492639747), (386, 1.236912945047638)]"
7,"[(856, 1.2456401520473954), (260, 1.244766446028359), (766, 1.240246617425146)]"
8,"[(908, 1.6609609996529682), (262, 1.6564115353178512), (805, 1.5540783144346326)]"
9,"[(22, 1.636361410717004), (411, 1.6356805936815817), (80, 1.449992885634256)]"
10,"[(524, 1.5555989251095586), (403, 1.4658825390892896), (131, 1.4345499943842503)]"
11,"[(210, 1.9782093183179796), (341, 1.6325663182437364), (206, 1.5700061464670365)]"
12,"[(180, 1.535088866325953), (513, 1.5296768147702693), (752, 1.292625623424455)]"
13,"[(691, 1.2171576432093456), (878, 1.1921815685844488), (876, 1.1264466276027476)]"
14,"[(525, 1.782217718245277), (275, 1.6784086835877743), (504, 1.6136750764687107)]"
15,"[(249, 1.5487922141560349), (62, 1.5041627585846578), (393, 1.4730594067471752)]"
16,"[(284, 1.5545923799164476), (24, 1.2732414432490629), (735, 1.265290168589598)]"
17,"[(989, 1.9133066537243772), (960, 1.7301565662429854), (702, 1.5380902941424381)]"
18,"[(726, 1.6750181449083412), (940, 1.454092033062043), (300, 1.2922053160974187)]"
19,"[(727, 1.8221529400636232), (630, 1.7076470409092877), (330, 1.6704434208587655)]"
20,"[(843, 1.690611913607822), (815, 1.6627801635612163), (886, 1.535163972974181)]"
21,"[(994, 1.7345365270764797), (965, 1.4598468271463143), (109, 1.2900717558482873)]"
22,"[(618, 1.7356131941985091), (9, 1.636361410717004), (399, 1.2023108078942983)]"
23,"[(313, 1.5418223108417208), (309, 1.5250837099167656), (449, 1.3076219950839183)]"
24,"[(151, 1.5796166587393778), (266, 1.4561652707893986), (464, 1.3515696018580112)]"
25,"[(867, 1.3627782195317597), (959, 1.2048356539260163), (383, 1.2025570603895788)]"
26,"[(653, 1.975081653520241), (944, 1.8632257185074905), (551, 1.6844886348221682)]"
27,"[(874, 1.5586582493959666), (397, 1.497397853337048), (392, 1.47657288591656)]"
28,"[(760, 1.6345727071114788), (665, 1.5018777988018739), (196, 1.4445407932532048)]"
29,"[(754, 1.5708291008985464), (985, 1.3903351454012478), (590, 1.3286578317617768)]"
30,"[(701, 1.6381124586000926), (937, 1.5710102169398845), (839, 1.5545755166547053)]"
31,"[(549, 1.7390919560026878), (542, 1.509825255723127), (814, 1.5066306840381072)]"
32,"[(275, 1.3897090258474494), (14, 1.1366577258329684), (167, 1.1159102014817146)]"
33,"[(498, 1.6761821284928173), (525, 1.5937889592554892), (129, 1.5354496287202675)]"
34,"[(221, 1.9117253026763377), (708, 1.6064921259201892), (180, 1.5357563946529462)]"
35,"[(348, 1.5133468560820613), (747, 1.462372943359264), (770, 1.4022538167211729)]"
36,"[(203, 1.6007103792433128), (461, 1.5366645675034125), (857, 1.5183394735805513)]"
37,"[(623, 1.5984579548018636), (109, 1.5598958561109606), (125, 1.4889439857226774)]"
38,"[(349, 1.6716270258332508), (289, 1.6167790605389982), (93, 1.5685329194078084)]"
39,"[(41, 1.4020433357320645), (540, 1.2925083950815939), (565, 1.242270640149898)]"
40,"[(719, 1.510702233470783), (546, 1.3603810192504784), (304, 1.2309090623701662)]"
41,"[(828, 1.5897294200618488), (565, 1.5185566593584965), (39, 1.4020433357320645)]"
42,"[(494, 1.5774274747847004), (903, 1.5746274363109967), (129, 1.3309908679834068)]"
43,"[(774, 1.7117476413796469), (494, 1.68033688430214), (229, 1.5899124506953177)]"
44,"[(591, 1.6975654585693225), (499, 1.5664726167547343), (478, 1.535733170818059)]"
45,"[(234, 1.1124999999999998), (388, 1.0932685602373828), (633, 1.0862388974763961)]"
46,"[(902, 1.8863396840006748), (777, 1.598220009745173), (857, 1.5963867303272898)]"
47,"[(919, 1.7752526808995168), (869, 1.569477911327855), (534, 1.5142757925399157)]"
48,"[(275, 1.5794281703692925), (890, 1.4880334388379874), (154, 1.480512556045712)]"
49,"[(546, 1.7891862538505585), (210, 1.3037037037037038), (942, 1.287882218763901)]"
50,"[(944, 2.1008553096144778), (739, 1.7514516543514291), (897, 1.6774732261432945)]"
51,"[(95, 1.7634107863737845), (221, 1.5348776833505693), (34, 1.4114857833252794)]"
52,"[(393, 1.6844947887446087), (504, 1.6474396612322528), (705, 1.6013743750702993)]"
53,"[(731, 1.6419810438460865), (269, 1.600715383125059), (833, 1.423667859696203)]"
54,"[(655, 1.9282407407407407), (980, 1.6231244197171775), (571, 1.5978107492600246)]"
55,"[(737, 1.7534973978905897), (403, 1.589782276335261), (63, 1.5695998267011255)]"
56,"[(487, 1.8508625837339396), (672, 1.5734251190448536), (377, 1.4687505422638611)]"
57,"[(954, 1.4819141248822765), (878, 1.477175748287843), (190, 1.2835061609986993)]"
58,"[(239, 1.5830638946961082), (933, 1.4710499650501032), (709, 1.4580353517238862)]"
59,"[(865, 1.6425333828339268), (323, 1.6103730405975176), (559, 1.4501155258297103)]"
60,"[(724, 1.6087015791233656), (757, 1.376347616513899), (335, 1.3735950768871088)]"
61,"[(69, 1.478484689900185), (230, 1.4720727406515297), (987, 1.4599737505878623)]"
62,"[(249, 1.835830252642099), (223, 1.629872338043167), (15, 1.5041627585846578)]"
63,"[(267, 2.0), (896, 1.7688710379861539), (921, 1.6982167303312765)]"
64,"[(107, 1.7219506776018345), (551, 1.3475850351971677), (8, 1.2994991825773778)]"
65,"[(844, 1.653991024482022), (144, 1.4888980646353516), (381, 1.3672041622676165)]"
66,"[(279, 1.7722588123490222), (123, 1.1876927253299727), (691, 1.1648972296545654)]"
67,"[(444, 2.0857351096269774), (581, 2.0342144228310333), (682, 1.7366899769208155)]"
68,"[(462, 2.012822596522878), (887, 1.6593729680101714), (856, 1.6121895454122723)]"
69,"[(987, 1.6292484976851453), (61, 1.478484689900185), (908, 1.278566671314828)]"
70,"[(472, 2.1229275031395582), (740, 1.9263442375034423), (793, 1.7448659714150394)]"
71,"[(675, 1.483168189152129), (530, 1.258914563663464), (47, 1.2564475377848354)]"
72,"[(270, 1.9430104464454097), (960, 1.7285304625693105), (4, 1.6158049904211484)]"
73,"[(466, 1.2435640758098827), (966, 1.2221010826826508), (932, 1.1893921650449384)]"
74,"[(118, 1.5943394331619756), (225, 1.5755830523248746), (341, 1.5572471379456556)]"
75,"[(424, 2.225259939109306), (670, 1.7652493183125795), (777, 1.704235928210842)]"
76,"[(570, 1.690138926154788), (566, 1.5461997225002964), (127, 1.2423732689585576)]"
77,"[(498, 1.61906534658227), (143, 1.5891194497245997), (332, 1.5190626736585335)]"
78,"[(398, 1.4777908217695654), (288, 1.2113596117542451), (333, 1.1933283130929309)]"
79,"[(296, 2.109618001520019), (489, 1.6282615772059876), (436, 1.599512478168262)]"
80,"[(517, 1.6215828654666389), (618, 1.5268870143963622), (9, 1.449992885634256)]"
81,"[(566, 1.600182844568597), (490, 1.2386272087968107), (825, 1.2318120544665767)]"
82,"[(659, 1.3615811402322913), (48, 1.152388000383101), (154, 1.1071306833602659)]"
83,"[(377, 1.401590752277303), (549, 1.3765254792319863), (563, 1.3189967493799368)]"
84,"[(349, 1.6148543264290407), (20, 1.5108495717378418), (728, 1.4351585003384977)]"
85,"[(200, 1.40024919912158), (672, 1.2441052270440889), (695, 1.210104141246384)]"
86,"[(495, 1.6576977527508778), (468, 1.6132078152175462), (626, 1.5654513557074388)]"
87,"[(194, 1.7205548119525365), (762, 1.5341854246917674), (703, 1.5163589773135606)]"
88,"[(640, 1.311914334490779), (484, 1.2759013421160244), (617, 1.2521293988609192)]"
89,"[(355, 1.6815581446357772), (207, 1.6150691376125268), (400, 1.5901089746554147)]"
90,"[(110, 1.5685101038449278), (278, 1.47764301984765), (658, 1.4713786434055098)]"
91,"[(1012, 1.51), (981, 1.2113953012896739), (811, 1.0683551643584845)]"
92,"[(861, 1.769756002944309), (382, 1.3898461391614632), (729, 1.2761094285379593)]"
93,"[(459, 1.6452982842973074), (38, 1.5685329194078084), (749, 1.4021130446697618)]"
94,"[(836, 1.3147416119978017), (677, 1.2955332788735472), (783, 1.2373787826936118)]"
95,"[(51, 1.7634107863737845), (734, 1.6100856679599211), (34, 1.515840035315169)]"
96,"[(618, 1.7735519169997294), (779, 1.6852618173115383), (478, 1.6765564329758238)]"
97,"[(881, 1.791793994165086), (962, 1.705837535378699), (673, 1.662456822659669)]"
98,"[(344, 1.2626479571720992), (986, 1.2601908657442529), (398, 1.2583363415971935)]"
99,"[(186, 1.6951010981172372), (345, 1.6200440349592284), (414, 1.4865145895247929)]"
100,"[(308, 1.7858758013811389), (284, 1.542074807296685), (764, 1.5275176996345823)]"
101,"[(872, 1.55276138592298), (864, 1.4916774474777954), (230, 1.4850952133884077)]"
102,"[(380, 1.312332129585565), (403, 1.1816596568381474), (687, 1.1806028087658007)]"
103,"[(518, 1.5577409916026288), (567, 1.55), (736, 1.525)]"
104,"[(948, 1.6821935222512954), (771, 1.6222920292314322), (590, 1.5473778601306878)]"
105,"[(941, 1.418836564360522), (496, 1.2460711571503569), (762, 1.2193223958236916)]"
106,"[(975, 1.6813164812268035), (561, 1.6165411463024086), (728, 1.5601439789217406)]"
107,"[(64, 1.7219506776018345), (26, 1.5403637328795772), (222, 1.4740425110593687)]"
108,"[(481, 1.8506844698391611), (704, 1.7558975579256686), (979, 1.6974165766975864)]"
109,"[(37, 1.5598958561109606), (623, 1.4361037754574746), (994, 1.3715358062326912)]"
110,"[(747, 1.6902894484682647), (244, 1.619310401864661), (90, 1.5685101038449278)]"
111,"[(434, 1.5807769764329263), (446, 1.5597754444369833), (673, 1.541749947820469)]"
112,"[(566, 1.7223746357637901), (209, 1.2980900573986829), (939, 1.2856772637577283)]"
113,"[(250, 1.6197804667103686), (842, 1.5101321405649513), (862, 1.3892509844484904)]"
114,"[(630, 1.6445561000297602), (913, 1.6146281610241453), (494, 1.5631438681347234)]"
115,"[(601, 1.6325025672888644), (568, 1.3378408345225772), (378, 1.3187596927307284)]"
116,"[(954, 1.5626151576826859), (184, 1.4186816536282643), (75, 1.3874802190238888)]"
117,"[(781, 1.6324195063479703), (636, 1.484169916504663), (823, 1.403239851055246)]"
118,"[(590, 1.8125221092146266), (848, 1.756255777199054), (843, 1.649764073721238)]"
119,"[(974, 1.5333290093184782), (647, 1.5299114994959626), (950, 1.4868454029361102)]"
120,"[(235, 1.7441612019273602), (836, 1.6331441624246348), (517, 1.5238893780525524)]"
121,"[(212, 1.7215438209536118), (675, 1.399635066248841), (437, 1.3769742538628253)]"
122,"[(679, 1.833414186203149), (820, 1.443698023940003), (169, 1.3763999863579002)]"
123,"[(639, 1.5185941351901087), (333, 1.477081803569724), (482, 1.2785673475518602)]"
124,"[(355, 1.4167096833677795), (89, 1.3592997648002847), (395, 1.2603088519200476)]"
125,"[(818, 1.6448587316926244), (682, 1.6394722038488418), (444, 1.518921172996737)]"
126,"[(562, 1.560383166365464), (206, 1.383567974545856), (964, 1.2653925302490503)]"
127,"[(721, 2.07629635618312), (888, 1.675942145182288), (934, 1.5845514997219572)]"
128,"[(519, 1.6386643042808222), (866, 1.6104128240567481), (630, 1.5731630976130075)]"
129,"[(68, 1.5810350657036842), (155, 1.5397976876480655), (33, 1.5354496287202675)]"
130,"[(950, 1.4724358811357319), (119, 1.4354528745501807), (292, 1.2699181101340784)]"
131,"[(225, 1.7219377627761763), (329, 1.643227171305131), (63, 1.6318429864820283)]"
132,"[(56, 1.2615789170549894), (236, 1.2113904622249603), (31, 1.2013640815295161)]"
133,"[(699, 1.4375287538060175), (402, 1.4350704068909124), (894, 1.3375122518023477)]"
134,"[(502, 1.438211948570942), (863, 1.415842066234807), (570, 1.3698202178116623)]"
135,"[(572, 1.494083181873173), (861, 1.2394882322596878), (92, 1.231085889028539)]"
136,"[(986, 1.579806520536946), (724, 1.5125), (268, 1.4583602220505678)]"
137,"[(791, 1.463892985438332), (912, 1.381405982203506), (237, 1.348892704482671)]"
138,"[(386, 1.3309276478230274), (213, 1.3090060642301378), (847, 1.2476612671348877)]"
139,"[(565, 1.7226228474483967), (270, 1.5602910846219735), (859, 1.4969220353613075)]"
140,"[(175, 2.1188725791994374), (462, 1.6890367795238708), (556, 1.5557039707700187)]"
141,"[(798, 2.1386478396118758), (173, 1.8271040596847306), (504, 1.6625012935287082)]"
142,"[(206, 1.9003054740200178), (761, 1.7410855777870191), (811, 1.3012480059266418)]"
143,"[(498, 2.0727946054788178), (77, 1.5891194497245997), (525, 1.472132665142896)]"
144,"[(494, 1.6657815767233601), (709, 1.5211332085252178), (65, 1.4888980646353516)]"
145,"[(892, 1.4672282383309456), (526, 1.289098554209074), (647, 1.2189797736874781)]"
146,"[(446, 1.6168615985764812), (788, 1.4507090280789359), (881, 1.3476121364481082)]"
147,"[(640, 1.7474009107912147), (326, 1.7438803756071881), (739, 1.489500985801798)]"
148,"[(212, 1.299943926879119), (826, 1.266343278028939), (703, 1.1961055796228304)]"
149,"[(276, 1.45421708487596), (75, 1.284281888423588), (575, 1.2655302767822243)]"
150,"[(67, 1.6712278786801003), (444, 1.5436055925679284), (395, 1.5245129853408685)]"
151,"[(266, 1.95630279743129), (545, 1.598054601225194), (903, 1.594783991551381)]"
152,"[(597, 1.2322656321040382), (157, 1.1901042630231722), (118, 1.1676471880640487)]"
153,"[(435, 2.2523372235745023), (892, 1.694415915357559), (361, 1.5599782658080037)]"
154,"[(48, 1.480512556045712), (275, 1.4440813674254134), (908, 1.42993528158859)]"
155,"[(727, 1.5794471982342444), (19, 1.5574321855422417), (129, 1.5397976876480655)]"
156,"[(298, 2.0607358881994795), (337, 1.819667115300584), (985, 1.5998771295270462)]"
157,"[(921, 1.7158902332014283), (204, 1.674328930358409), (838, 1.66439471356112)]"
158,"[(343, 1.9502677999462406), (204, 1.5714072858355121), (220, 1.553266334751335)]"
159,"[(239, 1.7497239737222205), (275, 1.568020818101597), (154, 1.3387001868319088)]"
160,"[(408, 1.588353508773625), (478, 1.4133911949144846), (779, 1.3124853740710007)]"
161,"[(968, 1.6655053156050046), (320, 1.5753442313405057), (67, 1.4797810471643014)]"
162,"[(128, 1.5242103398541236), (974, 1.338032310472917), (650, 1.216833980530126)]"
163,"[(807, 1.603079381325021), (595, 1.5447416054615208), (966, 1.5177488305042874)]"
164,"[(898, 1.4828399880314789), (310, 1.4060379404483927), (797, 1.281290872912798)]"
165,"[(330, 1.3308211541374393), (617, 1.2272142470072993), (147, 1.2246523749672331)]"
166,"[(966, 1.3263454183042203), (720, 1.255110696329822), (446, 1.2251206448554264)]"
167,"[(657, 1.6565243835090715), (859, 1.4332333419691872), (58, 1.254757793610707)]"
168,"[(237, 1.6185578832596832), (700, 1.5944863557864242), (458, 1.5477438034867257)]"
169,"[(587, 1.6347076905305247), (122, 1.3763999863579004), (621, 1.2713457046300065)]"
170,"[(542, 1.7999937935734804), (518, 1.670125644787644), (255, 1.6239567544037419)]"
171,"[(277, 1.6906997778284967), (258, 1.6400475363613596), (309, 1.6265832809520016)]"
172,"[(424, 1.6816834106402865), (777, 1.536120479936241), (460, 1.4991172474148096)]"
173,"[(141, 1.8271040596847306), (798, 1.5377273484732792), (8, 1.5307190821759626)]"
174,"[(404, 1.7653957696212381), (671, 1.5842283467110532), (830, 1.2997794941679588)]"
175,"[(140, 2.1188725791994374), (462, 1.6466239540572127), (856, 1.6187430159715726)]"
176,"[(181, 1.741967922707151), (825, 1.4913846057907634), (200, 1.4369012366921816)]"
177,"[(503, 2.1923595597313064), (718, 1.750667243150123), (858, 1.542659450087781)]"
178,"[(712, 1.2820220755220704), (303, 1.2070306117998149), (304, 1.182612164835999)]"
179,"[(964, 1.4652826257912643), (1012, 1.3334945608221027), (384, 1.230610074166929)]"
180,"[(752, 1.5612924368034298), (34, 1.5357563946529462), (12, 1.535088866325953)]"
181,"[(176, 1.741967922707151), (641, 1.7071963343801184), (365, 1.6938733468952838)]"
182,"[(992, 1.5804618019107357), (476, 1.54983954230619), (762, 1.4794243549898427)]"
183,"[(511, 1.3151575503359745), (961, 1.2924631563427615), (189, 1.2460384190660294)]"
184,"[(422, 1.732960860864259), (681, 1.712758304464368), (968, 1.5691577781697335)]"
185,"[(774, 1.58317643189049), (716, 1.2070199983636112), (19, 1.205555446542772)]"
186,"[(99, 1.6951010981172372), (208, 1.493025920194192), (869, 1.3909831755770397)]"
187,"[(371, 1.7241845994605336), (381, 1.5852673034789775), (864, 1.2410381247823958)]"
188,"[(581, 1.6721200504792277), (67, 1.5578509286627666), (3, 1.5093134604477096)]"
189,"[(316, 1.6947782740453516), (183, 1.2460384190660296), (499, 1.2288043743161028)]"
190,"[(649, 1.601152974441946), (331, 1.5202901180771395), (380, 1.2932695706135013)]"
191,"[(693, 1.2586612853245143), (192, 1.2184282318456952), (411, 1.1645134454325294)]"
192,"[(231, 1.5340024005907447), (26, 1.5335823266501296), (653, 1.531433669322895)]"
193,"[(651, 1.7674014687448867), (338, 1.698761920247247), (426, 1.6874638664454733)]"
194,"[(703, 2.126597595746118), (87, 1.7205548119525365), (572, 1.7143971472252864)]"
195,"[(664, 1.2920439936249946), (492, 1.1347950613321733), (414, 1.1182834711432306)]"
196,"[(676, 2.011244092301432), (887, 1.7718085049050725), (409, 1.7395211156303)]"
197,"[(511, 1.531087003148198), (318, 1.4665922359810433), (466, 1.282869542168698)]"
198,"[(992, 1.9441677607780143), (882, 1.3743050530877554), (719, 1.2598241624980189)]"
199,"[(161, 1.435036708844089), (520, 1.2671953503177769), (831, 1.216357987748153)]"
200,"[(530, 1.6120446867965597), (696, 1.562251865943409), (176, 1.4369012366921816)]"
201,"[(453, 1.6494692892222624), (909, 1.222898582465951), (569, 1.2146996377585935)]"
202,"[(645, 1.4718402074870116), (283, 1.3019759334787322), (489, 1.2909956693282143)]"
203,"[(5, 1.806409828119143), (432, 1.7049304453179608), (36, 1.6007103792433128)]"
204,"[(736, 1.6982266441633964), (157, 1.674328930358409), (380, 1.6149698972942153)]"
205,"[(252, 1.4141355058330194), (913, 1.2261251870405596), (790, 1.2090947184500096)]"
206,"[(142, 1.9003054740200178), (524, 1.8568844769482173), (210, 1.7005043567530478)]"
207,"[(797, 1.7809513022662435), (963, 1.6710658822649218), (89, 1.6150691376125268)]"
208,"[(642, 1.5742579677438262), (186, 1.493025920194192), (99, 1.4784737944490083)]"
209,"[(789, 1.6339004999074864), (217, 1.3186865560454282), (112, 1.2980900573986827)]"
210,"[(11, 1.9782093183179796), (206, 1.7005043567530478), (747, 1.6050880109436712)]"
211,"[(860, 1.6347373057363266), (735, 1.5692450089729875), (919, 1.4629582317431706)]"
212,"[(121, 1.7215438209536118), (317, 1.5064825773113009), (148, 1.299943926879119)]"
213,"[(450, 1.320304080833053), (138, 1.3090060642301378), (990, 1.2716720778775212)]"
214,"[(389, 1.7984589578805954), (834, 1.625186235430579), (247, 1.5628578791506174)]"
215,"[(864, 2.065290745290745), (616, 1.9342193215265227), (504, 1.5514507384184426)]"
216,"[(33, 1.220612427660753), (615, 1.178184600110999), (314, 1.1586479632349853)]"
217,"[(391, 1.618080977523483), (789, 1.3479838436529188), (209, 1.3186865560454282)]"
218,"[(933, 1.685461167214552), (764, 1.265223601865751), (309, 1.2635513480589948)]"
219,"[(388, 2.0626261349066133), (803, 1.6993344063593379), (962, 1.6574151889510909)]"
220,"[(405, 2.0), (604, 1.7543273850001686), (485, 1.617471679845594)]"
221,"[(34, 1.9117253026763377), (51, 1.5348776833505693), (95, 1.4964985211427804)]"
222,"[(107, 1.4740425110593687), (362, 1.1602969847747524), (303, 1.1575002720046934)]"
223,"[(62, 1.629872338043167), (419, 1.5000914241151773), (294, 1.4644609471640282)]"
224,"[(814, 1.6681170276987571), (721, 1.5649318513476744), (127, 1.5134794207894)]"
225,"[(131, 1.7219377627761763), (352, 1.5949354739454198), (921, 1.5859281568580412)]"
226,"[(259, 1.6027939321605058), (748, 1.5110891180529888), (469, 1.4239365668711272)]"
227,"[(55, 1.5586084141139696), (896, 1.5531472312403463), (737, 1.5362524971178204)]"
228,"[(372, 1.658088929309823), (263, 1.548707096270722), (866, 1.2594246026001978)]"
229,"[(651, 1.5925798006116374), (43, 1.5899124506953177), (913, 1.5842720846931513)]"
230,"[(101, 1.4850952133884077), (61, 1.4720727406515297), (345, 1.3051032929568274)]"
231,"[(897, 1.6391789940428263), (50, 1.6216854167710375), (192, 1.5340024005907447)]"
232,"[(535, 1.585694069654282), (246, 1.534391405356426), (254, 1.325292556466809)]"
233,"[(683, 1.6669121774766371), (700, 1.6470517415323296), (712, 1.6370050408758536)]"
234,"[(420, 1.336503877709787), (999, 1.2876436891651424), (463, 1.2728800007392802)]"
235,"[(499, 1.772141780084136), (120, 1.7441612019273602), (236, 1.4876563516895873)]"
236,"[(235, 1.4876563516895873), (517, 1.4220331106185793), (816, 1.311964241695607)]"
237,"[(168, 1.6185578832596832), (137, 1.348892704482671), (487, 1.3272363114077725)]"
238,"[(594, 1.7039154907907679), (666, 1.6041703931064863), (621, 1.2954744114514947)]"
239,"[(159, 1.7497239737222205), (908, 1.712428097591357), (58, 1.5830638946961082)]"
240,"[(766, 1.6288852903656874), (884, 1.5892346093280538), (320, 1.5480582068919244)]"
241,"[(5, 1.6842149486919582), (359, 1.538965428060523), (423, 1.4890607576795925)]"
242,"[(460, 1.801776492401822), (704, 1.6949497269760272), (441, 1.574407505724426)]"
243,"[(336, 2.1364603217536837), (997, 1.62515964444038), (289, 1.315737916675667)]"
244,"[(110, 1.619310401864661), (889, 1.5488696483726654), (163, 1.5154605850019467)]"
245,"[(921, 1.8715002193368209), (538, 1.5697218788210405), (726, 1.5501724749498191)]"
246,"[(535, 1.6162728636287749), (451, 1.6154053428106423), (232, 1.534391405356426)]"
247,"[(586, 1.5695105648388883), (214, 1.5628578791506174), (33, 1.4890674188589121)]"
248,"[(848, 1.5684190230501667), (157, 1.3498903147846613), (966, 1.2898937565326238)]"
249,"[(62, 1.835830252642099), (643, 1.7052224751942964), (15, 1.5487922141560349)]"
250,"[(113, 1.6197804667103686), (224, 1.4708821552594105), (987, 1.2747012806387963)]"
251,"[(524, 1.6039125708760993), (413, 1.4741089145792095), (830, 1.4131818293403244)]"
252,"[(205, 1.4141355058330194), (945, 1.3922363464913936), (396, 1.345739414389192)]"
253,"[(851, 2.0604090970822977), (996, 1.5351833188214332), (630, 1.43208593651722)]"
254,"[(488, 1.6283011750498797), (756, 1.5441638992905937), (280, 1.346579194031575)]"
255,"[(563, 1.6751177861062383), (170, 1.6239567544037419), (776, 1.6221929907169745)]"
256,"[(890, 1.3284127139452382), (453, 1.296572705717604), (768, 1.2825898796976016)]"
257,"[(595, 1.594752469357122), (986, 1.53993386413238), (287, 1.4498592257122365)]"
258,"[(171, 1.6400475363613596), (702, 1.6023414172123636), (637, 1.5421429709498804)]"
259,"[(731, 1.7330149810882125), (431, 1.6751914683902636), (646, 1.6732203660910487)]"
260,"[(561, 1.807294508134659), (297, 1.597252926379496), (402, 1.5519928702051895)]"
261,"[(269, 1.392336179399528), (53, 1.3702078485238398), (249, 1.2962433471211192)]"
262,"[(8, 1.6564115353178512), (496, 1.620164420728476), (741, 1.5897944280831902)]"
263,"[(530, 1.6339699977720343), (228, 1.548707096270722), (897, 1.4622472408134124)]"
264,"[(362, 1.6699834164750036), (827, 1.508568675363184), (319, 1.3733573360915161)]"
265,"[(823, 1.541592631037731), (346, 1.4430411526076967), (134, 1.3598842065158636)]"
266,"[(151, 1.95630279743129), (903, 1.6289315002008768), (545, 1.541405389825736)]"
267,"[(63, 2.0), (337, 1.6652135776206995), (357, 1.6301618800563105)]"
268,"[(724, 1.6146359612493775), (964, 1.5736664263392286), (136, 1.4583602220505678)]"
269,"[(729, 1.6815571317699782), (53, 1.600715383125059), (358, 1.4683027004495945)]"
270,"[(72, 1.9430104464454097), (139, 1.5602910846219735), (702, 1.5362881608150765)]"
271,"[(298, 1.561657147206174), (156, 1.4022577753083436), (395, 1.3435891987423725)]"
272,"[(980, 1.5444008497651693), (848, 1.4637792153233844), (110, 1.2590276953734834)]"
273,"[(331, 1.460404583172003), (658, 1.363472234539306), (509, 1.3469471221516185)]"
274,"[(734, 1.4689117079349725), (479, 1.3341908815869445), (470, 1.3163001978440443)]"
275,"[(14, 1.6784086835877743), (322, 1.6646374381854334), (48, 1.5794281703692925)]"
276,"[(896, 1.589106076475603), (149, 1.45421708487596), (300, 1.3969551012199872)]"
277,"[(171, 1.6906997778284967), (555, 1.6477773067435406), (470, 1.536038120474619)]"
278,"[(90, 1.47764301984765), (871, 1.3705748329810523), (704, 1.3484425203675594)]"
279,"[(66, 1.7722588123490222), (877, 1.4880676799716908), (924, 1.4582782301042465)]"
280,"[(528, 1.5900770911438278), (793, 1.528824679373274), (254, 1.346579194031575)]"
281,"[(802, 1.5415303486911103), (789, 1.4987041317423635), (265, 1.3400928470794018)]"
282,"[(949, 2.049543819831096), (710, 1.4008628657775808), (314, 1.3191393840347918)]"
283,"[(303, 1.6643277043995623), (686, 1.5660285084883494), (304, 1.4429252476564065)]"
284,"[(16, 1.5545923799164476), (100, 1.542074807296685), (308, 1.3840454973099028)]"
285,"[(327, 1.3712247121850742), (111, 1.285279839003297), (605, 1.2710676362867983)]"
286,"[(612, 1.6880800568050143), (614, 1.5649310030896115), (910, 1.4271840160608529)]"
287,"[(986, 1.51), (257, 1.4498592257122365), (268, 1.3440931932533418)]"
288,"[(651, 1.5861409452099124), (416, 1.4863213937958182), (960, 1.4739505254510537)]"
289,"[(952, 1.6686614782503566), (38, 1.6167790605389982), (349, 1.597055580045594)]"
290,"[(367, 1.9363768897978395), (451, 1.6815534777328294), (410, 1.6583686186454614)]"
291,"[(99, 1.1717065240231037), (189, 1.1500482556032026), (996, 1.1492846455606764)]"
292,"[(664, 1.2701096246198538), (130, 1.2699181101340784), (641, 1.226842098284422)]"
293,"[(753, 1.8473175513077722), (926, 1.793648080960559), (434, 1.6692794281034826)]"
294,"[(470, 1.8066557505194565), (833, 1.719359227142783), (519, 1.5422675494462348)]"
295,"[(845, 1.6916150619837749), (346, 1.5060958678849106), (747, 1.3870273570567972)]"
296,"[(79, 2.109618001520019), (936, 1.8488733100270824), (320, 1.7755786132562408)]"
297,"[(260, 1.597252926379496), (730, 1.465288196917797), (402, 1.452154211287706)]"
298,"[(156, 2.0607358881994795), (850, 1.5816770795638286), (337, 1.579001069140202)]"
299,"[(761, 1.76627072287708), (352, 1.4413865475126064), (456, 1.3599674742983914)]"
300,"[(604, 1.4927649467985165), (276, 1.3969551012199872), (649, 1.3450604665593942)]"
301,"[(646, 1.3286398915909245), (288, 1.2526671741796924), (42, 1.2486056631581604)]"
302,"[(794, 1.6564904992523752), (418, 1.6004386339788843), (689, 1.5918346585261196)]"
303,"[(804, 1.8558390314112687), (283, 1.6643277043995623), (904, 1.5284005529276674)]"
304,"[(821, 1.6456037249187134), (491, 1.602345500187687), (303, 1.4484638739871731)]"
305,"[(133, 1.2029372595251013), (164, 1.194071133743963), (128, 1.1791933744303262)]"
306,"[(615, 1.9403209948811397), (799, 1.756653324917833), (969, 1.4041233570967935)]"
307,"[(500, 1.8106438354066265), (579, 1.8015709084962905), (417, 1.7316594792343691)]"
308,"[(100, 1.7858758013811389), (707, 1.5879626786156358), (30, 1.5107254883824792)]"
309,"[(470, 2.0053436598743004), (171, 1.6265832809520016), (969, 1.594035124100966)]"
310,"[(898, 2.141672329337003), (509, 1.7975330022575096), (324, 1.6112855074231172)]"
311,"[(65, 1.3569840962797803), (583, 1.2886113407362887), (712, 1.1928967422366905)]"
312,"[(857, 1.5482197090665046), (461, 1.518097053004897), (568, 1.3384786555852004)]"
313,"[(683, 1.624648113808574), (233, 1.6060448625955592), (470, 1.5676939617291608)]"
314,"[(710, 2.154806821864613), (676, 1.7167282181443098), (650, 1.7147532165634227)]"
315,"[(758, 1.594739272096212), (508, 1.4988495911097621), (766, 1.273414611566116)]"
316,"[(189, 1.6947782740453516), (919, 1.3889772201744626), (876, 1.287661118208453)]"
317,"[(212, 1.5064825773113009), (373, 1.4356611138594908), (779, 1.3040459458719873)]"
318,"[(197, 1.4665922359810433), (286, 1.2125801542172325), (569, 1.2019458244456835)]"
319,"[(362, 1.5281680257180514), (264, 1.3733573360915161), (721, 1.3707548179667517)]"
320,"[(773, 1.8575287227023152), (296, 1.7755786132562408), (592, 1.649569453770751)]"
321,"[(111, 1.525), (638, 1.3868716199685038), (918, 1.2663672342009953)]"
322,"[(275, 1.6646374381854334), (890, 1.4575123380233872), (14, 1.4402151846634121)]"
323,"[(559, 1.6596944332262886), (59, 1.6103730405975176), (745, 1.3040565915810087)]"
324,"[(623, 1.6788539467003174), (789, 1.613473818380768), (310, 1.6112855074231172)]"
325,"[(656, 1.9767640876937391), (570, 1.3372170328632267), (539, 1.3099854670843318)]"
326,"[(147, 1.7438803756071881), (506, 1.6740915949367585), (939, 1.65395304688363)]"
327,"[(726, 1.6338578250830653), (962, 1.5884848725194864), (204, 1.5772158329331336)]"
328,"[(827, 1.6571633998665478), (733, 1.5507931315004948), (773, 1.4190705446139136)]"
329,"[(985, 2.0551311302333644), (131, 1.643227171305131), (867, 1.579885811730263)]"
330,"[(19, 1.6704434208587655), (814, 1.6586085053685884), (760, 1.6272524560074624)]"
331,"[(918, 1.665657964993706), (351, 1.5887947775422018), (747, 1.5604930165499984)]"
332,"[(77, 1.5190626736585335), (430, 1.4469637282253704), (513, 1.2897374297645958)]"
333,"[(975, 1.6975117250526113), (123, 1.477081803569724), (279, 1.3800330737279713)]"
334,"[(971, 1.6654193703419753), (689, 1.6190577375559725), (450, 1.539787146494307)]"
335,"[(387, 1.5660343503038876), (942, 1.5531472355788716), (60, 1.3735950768871088)]"
336,"[(243, 2.1364603217536837), (997, 1.5193775002026348), (289, 1.386800048141409)]"
337,"[(380, 1.962571025730377), (156, 1.819667115300584), (267, 1.6652135776206995)]"
338,"[(193, 1.698761920247247), (691, 1.6782958336597447), (882, 1.6478122061401939)]"
339,"[(542, 1.963787026782067), (549, 1.7842959483954668), (854, 1.688343646854273)]"
340,"[(420, 1.650333291527804), (803, 1.5402704166267611), (726, 1.5220062432323167)]"
341,"[(972, 1.971637021355784), (490, 1.671508797648489), (452, 1.6415991864532875)]"
342,"[(928, 1.4163929952230572), (297, 1.3253734282261551), (201, 1.1877289781487226)]"
343,"[(158, 1.9502677999462406), (405, 1.776283595702089), (380, 1.6832948949543665)]"
344,"[(739, 1.6473817695155295), (26, 1.5814925767309709), (746, 1.4434783541399652)]"
345,"[(996, 1.659544210698474), (987, 1.6352400064125792), (477, 1.6214114932987909)]"
346,"[(295, 1.5060958678849106), (265, 1.4430411526076967), (245, 1.2711264033223617)]"
347,"[(127, 1.282337412077644), (441, 1.232638011195664), (168, 1.219959460736053)]"
348,"[(770, 1.9516419444334099), (720, 1.6696590278787307), (310, 1.5206569101594867)]"
349,"[(38, 1.6716270258332508), (84, 1.6148543264290407), (289, 1.597055580045594)]"
350,"[(526, 1.7049308924208877), (665, 1.5796196304463224), (573, 1.2987411895628835)]"
351,"[(428, 2.0025168511499944), (918, 1.8522148122436484), (331, 1.5887947775422018)]"
352,"[(921, 1.7797282448322291), (485, 1.6470742182338576), (420, 1.6440489704633117)]"
353,"[(732, 1.7459166198921443), (962, 1.6722024583000141), (539, 1.5806726377519795)]"
354,"[(571, 1.5), (20, 1.4819298131309873), (225, 1.296200222905904)]"
355,"[(89, 1.6815581446357772), (156, 1.5278358002173313), (124, 1.4167096833677795)]"
356,"[(418, 2.108815730964316), (219, 1.607090131332364), (991, 1.5003405409963426)]"
357,"[(428, 1.6592012691687925), (267, 1.6301618800563105), (351, 1.5563824731151852)]"
358,"[(650, 1.5030986634939283), (269, 1.4683027004495945), (445, 1.3824994933444743)]"
359,"[(605, 1.7521607057724293), (758, 1.5488354845400083), (203, 1.546457466572325)]"
360,"[(889, 2.0471404520791032), (807, 1.8734511945608778), (854, 1.587965678523379)]"
361,"[(435, 1.6713392161247915), (153, 1.5599782658080037), (892, 1.5565944633382633)]"
362,"[(623, 1.7927763063206827), (264, 1.6699834164750036), (654, 1.5888040879539407)]"
363,"[(540, 1.5867614923292672), (911, 1.3894278125373865), (449, 1.362619881344524)]"
364,"[(677, 1.6574259268444866), (853, 1.5513358074499377), (494, 1.5162056176298928)]"
365,"[(425, 1.7023617929167978), (181, 1.6938733468952838), (795, 1.3452491977356735)]"
366,"[(399, 1.7792527138110943), (411, 1.486468942282563), (236, 1.1881489991469185)]"
367,"[(290, 1.9363768897978395), (939, 1.755225118832477), (410, 1.5136792757863704)]"
368,"[(549, 1.5973437526372696), (507, 1.5035686758599185), (457, 1.4480789510579901)]"
369,"[(426, 1.6133337393811484), (927, 1.469447146361321), (767, 1.439864204803534)]"
370,"[(743, 1.5772338160360664), (537, 1.2425650334254457), (512, 1.2407197047047425)]"
371,"[(525, 1.7391700210408305), (187, 1.7241845994605336), (586, 1.4950905601192603)]"
372,"[(228, 1.658088929309823), (263, 1.4355747852325456), (900, 1.3358631835293735)]"
373,"[(419, 1.69594947745901), (534, 1.5811092206708532), (317, 1.4356611138594908)]"
374,"[(395, 1.6096886044258287), (917, 1.5799404150991179), (150, 1.4961624616087095)]"
375,"[(879, 1.3200418053479368), (990, 1.278957335724183), (42, 1.2715151013300572)]"
376,"[(589, 1.7139057916534075), (225, 1.1529220419297312), (208, 1.138803475167788)]"
377,"[(939, 1.5646462889403898), (672, 1.5345202819234325), (56, 1.4687505422638611)]"
378,"[(879, 1.6654465812762875), (115, 1.3187596927307284), (795, 1.2436267352366799)]"
379,"[(934, 1.7915581231498985), (785, 1.7526245129093672), (897, 1.648577015571796)]"
380,"[(337, 1.962571025730377), (343, 1.6832948949543665), (204, 1.6149698972942153)]"
381,"[(187, 1.5852673034789775), (65, 1.3672041622676165), (211, 1.2263818201821444)]"
382,"[(700, 1.7112852086620771), (92, 1.3898461391614632), (729, 1.377156912599736)]"
383,"[(687, 1.508953335457413), (331, 1.3286381487724253), (190, 1.2746560283544484)]"
384,"[(743, 1.5595757732815836), (896, 1.4876635671683827), (873, 1.4099728194568726)]"
385,"[(745, 2.0258208178726282), (578, 1.5374734435019464), (404, 1.2741029486122568)]"
386,"[(686, 1.4304755127717312), (283, 1.4069286328899275), (138, 1.3309276478230274)]"
387,"[(787, 1.875996123629121), (423, 1.6561158196497456), (335, 1.5660343503038876)]"
388,"[(219, 2.0626261349066133), (830, 1.66342367110054), (97, 1.6319814126370265)]"
389,"[(214, 1.7984589578805954), (541, 1.751835449197794), (892, 1.4667677799480272)]"
390,"[(6, 1.4132734775017348), (70, 1.2767616184939816), (246, 1.2261959934945337)]"
391,"[(743, 1.6527461038699887), (217, 1.618080977523483), (604, 1.278565121010027)]"
392,"[(904, 1.6721012802417274), (804, 1.6080502725447685), (397, 1.5856027193679514)]"
393,"[(52, 1.6844947887446087), (15, 1.4730594067471752), (705, 1.3840349716433393)]"
394,"[(274, 1.1740064842963367), (14, 1.165945989019106), (449, 1.1495191695147429)]"
395,"[(673, 1.6363897531975669), (755, 1.6149789947145876), (374, 1.6096886044258287)]"
396,"[(693, 2.0640128038412806), (876, 1.598899075218951), (252, 1.345739414389192)]"
397,"[(474, 1.6077479225058726), (392, 1.5856027193679514), (27, 1.497397853337048)]"
398,"[(654, 1.6157961921602626), (78, 1.4777908217695654), (739, 1.4540173926087216)]"
399,"[(366, 1.7792527138110943), (411, 1.5431907519748527), (738, 1.296020756076426)]"
400,"[(89, 1.5901089746554147), (736, 1.5567758128346816), (207, 1.4656831764015028)]"
401,"[(586, 1.5854238963794582), (547, 1.5807876573625526), (731, 1.504461706854318)]"
402,"[(894, 1.7645258164895017), (260, 1.5519928702051895), (297, 1.452154211287706)]"
403,"[(787, 1.6211797262334666), (55, 1.589782276335261), (10, 1.4658825390892896)]"
404,"[(174, 1.7653957696212381), (777, 1.5340210546545698), (671, 1.5225210303172085)]"
405,"[(220, 2.0), (343, 1.776283595702089), (485, 1.6766610800228656)]"
406,"[(869, 1.4922695554072152), (941, 1.487829003151078), (358, 1.3412654949980403)]"
407,"[(275, 1.398460876405826), (659, 1.3057236987369611), (678, 1.2288773224807994)]"
408,"[(580, 1.5961201690015978), (160, 1.588353508773625), (445, 1.518378585122114)]"
409,"[(196, 1.7395211156303), (887, 1.6560459239121261), (840, 1.5152283516708334)]"
410,"[(290, 1.6583686186454614), (367, 1.5136792757863704), (377, 1.375754661221715)]"
411,"[(9, 1.6356805936815817), (399, 1.5431907519748527), (366, 1.486468942282563)]"
412,"[(840, 1.2317762369795666), (703, 1.1218031531182673), (140, 1.1026366133499292)]"
413,"[(508, 1.6316894222632496), (251, 1.4741089145792095), (507, 1.3360830399041594)]"
414,"[(345, 1.5410524614564998), (759, 1.487526436745585), (99, 1.4865145895247929)]"
415,"[(472, 1.6254352599158142), (70, 1.6161907949362653), (850, 1.491243418766535)]"
416,"[(984, 1.6921339242950897), (702, 1.5535430021691883), (288, 1.4863213937958182)]"
417,"[(307, 1.7316594792343691), (561, 1.6921717179403235), (432, 1.6725603208262747)]"
418,"[(356, 2.108815730964316), (302, 1.6004386339788843), (219, 1.5939960537268205)]"
419,"[(373, 1.69594947745901), (223, 1.5000914241151773), (249, 1.48386979196313)]"
420,"[(340, 1.650333291527804), (352, 1.6440489704633117), (225, 1.5656957004512126)]"
421,"[(445, 1.492343169785006), (632, 1.3211221641634383), (358, 1.3063085328436477)]"
422,"[(184, 1.732960860864259), (681, 1.6879018421420624), (691, 1.5982725447738828)]"
423,"[(387, 1.6561158196497456), (787, 1.6515444988148016), (241, 1.4890607576795925)]"
424,"[(75, 2.225259939109306), (172, 1.6816834106402865), (670, 1.652624904848371)]"
425,"[(365, 1.7023617929167978), (532, 1.5432646686701117), (729, 1.3018255675475152)]"
426,"[(193, 1.6874638664454733), (369, 1.6133337393811484), (767, 1.3119975055021207)]"
427,"[(816, 1.7404658859214466), (734, 1.5604910965275638), (697, 1.5097397225992737)]"
428,"[(351, 2.0025168511499944), (918, 1.9614384081177674), (357, 1.6592012691687925)]"
429,"[(982, 1.5208079464381146), (705, 1.3902040650343122), (513, 1.3638952469172518)]"
430,"[(937, 1.7750460046353835), (479, 1.7552251448534817), (513, 1.6000269272755514)]"
431,"[(688, 2.1415993522586314), (259, 1.6751914683902636), (833, 1.6404427716759888)]"
432,"[(203, 1.7049304453179608), (417, 1.6725603208262747), (471, 1.6426385989233507)]"
433,"[(996, 1.2188863648242592), (716, 1.192548401413446), (69, 1.1864597509094517)]"
434,"[(673, 1.8331021494220774), (926, 1.7926143027447081), (293, 1.6692794281034826)]"
435,"[(153, 2.2523372235745023), (361, 1.6713392161247915), (892, 1.559600912231698)]"
436,"[(962, 1.7738398725707376), (79, 1.599512478168262), (97, 1.580554553788849)]"
437,"[(696, 1.6532758001687562), (814, 1.5527108412068749), (31, 1.4971497096307862)]"
438,"[(710, 1.7524455990104246), (543, 1.7173828378396558), (949, 1.546610326215387)]"
439,"[(677, 1.5756322237116898), (558, 1.4679862786243802), (2, 1.2458406889787288)]"
440,"[(632, 1.657784812564615), (705, 1.5501879888737993), (499, 1.5347531974755853)]"
441,"[(242, 1.574407505724426), (927, 1.5058386135947144), (704, 1.4819015482520983)]"
442,"[(939, 1.6857061061586125), (824, 1.6153409636352967), (367, 1.399461333368321)]"
443,"[(392, 1.2768091092471383), (119, 1.244630768536573), (397, 1.1977474748256096)]"
444,"[(67, 2.0857351096269774), (581, 1.9045562839884107), (150, 1.5436055925679284)]"
445,"[(635, 1.5334545455608486), (816, 1.527870902595762), (408, 1.518378585122114)]"
446,"[(881, 2.0), (146, 1.6168615985764812), (962, 1.5865844446250894)]"
447,"[(916, 1.610640297042403), (769, 1.57631333453249), (804, 1.402314021289995)]"
448,"[(382, 1.2471390144026488), (92, 1.244808174747922), (678, 1.229338965293043)]"
449,"[(540, 1.6394700546517913), (100, 1.4800105676886088), (270, 1.42182001779674)]"
450,"[(334, 1.539787146494307), (172, 1.4601766479064313), (46, 1.3707477115864117)]"
451,"[(916, 1.7358795204377524), (290, 1.6815534777328294), (246, 1.6154053428106423)]"
452,"[(972, 1.6491408832903551), (341, 1.6415991864532875), (118, 1.5376097162725975)]"
453,"[(201, 1.6494692892222624), (583, 1.3962336205184447), (925, 1.3247922255402496)]"
454,"[(539, 1.65856260917092), (86, 1.426086215936476), (468, 1.282352406503951)]"
455,"[(576, 2.0613425506741354), (54, 1.5419268855229813), (655, 1.3957959907459518)]"
456,"[(671, 1.7372991598035208), (761, 1.7117219362727354), (567, 1.5706104385046054)]"
457,"[(875, 1.6894464125930664), (368, 1.4480789510579901), (507, 1.265518987596143)]"
458,"[(168, 1.5477438034867257), (610, 1.5215837623032087), (700, 1.461493911908377)]"
459,"[(509, 1.853785402399475), (931, 1.6729763619500784), (93, 1.6452982842973074)]"
460,"[(242, 1.801776492401822), (592, 1.638300412966434), (932, 1.6027306847191907)]"
461,"[(857, 2.033891909942847), (902, 1.5539859706315844), (46, 1.536748738155793)]"
462,"[(68, 2.012822596522878), (856, 1.708027553555431), (140, 1.6890367795238708)]"
463,"[(234, 1.2728800007392802), (97, 1.1879074812456345), (914, 1.173093708161065)]"
464,"[(302, 1.352915033429205), (24, 1.3515696018580112), (923, 1.3387928541520286)]"
465,"[(597, 1.281791831554717), (257, 1.277997433230477), (963, 1.1672767801016581)]"
466,"[(654, 1.671956455993309), (907, 1.5580341500210262), (127, 1.3520699080687129)]"
467,"[(837, 1.715930015913188), (480, 1.6988570350376013), (985, 1.55)]"
468,"[(339, 1.6500805688111173), (86, 1.6132078152175462), (542, 1.588774746908015)]"
469,"[(748, 1.9286485235975201), (259, 1.5973738735720622), (598, 1.5837824691625815)]"
470,"[(309, 2.0053436598743004), (294, 1.8066557505194565), (905, 1.6672898075925868)]"
471,"[(948, 1.7810595418297488), (527, 1.6671462809771818), (432, 1.6426385989233507)]"
472,"[(70, 2.1229275031395582), (740, 1.9009563623107175), (415, 1.6254352599158142)]"
473,"[(666, 1.7627444595734751), (795, 1.3360585446743725), (853, 1.320097665721698)]"
474,"[(494, 1.7031686223356581), (923, 1.6430407750996718), (397, 1.6077479225058726)]"
475,"[(46, 1.3372126733645238), (255, 1.244972108680523), (56, 1.186718165361966)]"
476,"[(961, 1.6288877644898032), (182, 1.54983954230619), (519, 1.3855942326300752)]"
477,"[(345, 1.6214114932987909), (511, 1.3562156384898336), (154, 1.3105170823479038)]"
478,"[(96, 1.6765564329758238), (499, 1.615138219870627), (44, 1.535733170818059)]"
479,"[(937, 2.0014817291373164), (534, 1.7827451272190389), (430, 1.7552251448534817)]"
480,"[(467, 1.6988570350376013), (985, 1.5033228297362937), (970, 1.391600888803409)]"
481,"[(801, 1.898760515193559), (108, 1.8506844698391611), (810, 1.6046121074171866)]"
482,"[(59, 1.3238892215557507), (123, 1.2785673475518602), (372, 1.2447675867988965)]"
483,"[(264, 1.2573166212525966), (542, 1.2095433059797116), (518, 1.2088679947667027)]"
484,"[(910, 1.4844050113139877), (641, 1.339784919135843), (88, 1.2759013421160244)]"
485,"[(706, 1.690496912147372), (405, 1.6766610800228656), (352, 1.6470742182338576)]"
486,"[(527, 1.5347719941088491), (522, 1.5313374066983674), (943, 1.3126836088722087)]"
487,"[(56, 1.8508625837339396), (529, 1.6506166154916204), (672, 1.6393067186588393)]"
488,"[(254, 1.6283011750498797), (756, 1.5750485777280323), (246, 1.2159794109305508)]"
489,"[(79, 1.6282615772059876), (608, 1.6143672327669105), (566, 1.6010487949939818)]"
490,"[(341, 1.671508797648489), (518, 1.605641488407466), (761, 1.5172172826536219)]"
491,"[(842, 1.6375976045031249), (821, 1.6127171629232533), (304, 1.602345500187687)]"
492,"[(541, 1.5178875678512949), (892, 1.5020710220468634), (389, 1.389966312540161)]"
493,"[(892, 1.3347113300859457), (361, 1.30870233657567), (192, 1.2725815568683645)]"
494,"[(474, 1.7031686223356581), (43, 1.68033688430214), (144, 1.6657815767233601)]"
495,"[(736, 1.6968428563850333), (86, 1.6576977527508778), (539, 1.6557226961215719)]"
496,"[(741, 1.679206314436673), (620, 1.6335397936033609), (262, 1.620164420728476)]"
497,"[(914, 1.2867798936009114), (924, 1.234276385086428), (365, 1.2335031520915436)]"
498,"[(143, 2.0727946054788178), (33, 1.6761821284928173), (77, 1.61906534658227)]"
499,"[(235, 1.772141780084136), (478, 1.615138219870627), (44, 1.5664726167547343)]"
500,"[(307, 1.8106438354066265), (184, 1.535074190017613), (926, 1.4793800306494516)]"
501,"[(861, 1.5852299203677171), (435, 1.526886748740299), (153, 1.5140579355429296)]"
502,"[(134, 1.438211948570942), (362, 1.284113834455964), (486, 1.280912642117569)]"
503,"[(177, 2.1923595597313064), (971, 1.741467910098501), (812, 1.6747168497263476)]"
504,"[(832, 2.0136672863331224), (141, 1.6625012935287082), (52, 1.6474396612322528)]"
505,"[(626, 1.648677105424151), (320, 1.6085254168298824), (884, 1.5977421883165221)]"
506,"[(326, 1.6740915949367585), (819, 1.575061931390962), (522, 1.555573583365933)]"
507,"[(568, 1.5761874373519251), (368, 1.5035686758599185), (544, 1.46148731684584)]"
508,"[(758, 1.714693498134959), (520, 1.6556445149739463), (413, 1.6316894222632496)]"
509,"[(459, 1.853785402399475), (310, 1.7975330022575096), (898, 1.6912878006626115)]"
510,"[(592, 2.1179312737841696), (968, 1.977989883480719), (320, 1.5855298521392436)]"
511,"[(197, 1.531087003148198), (477, 1.3562156384898336), (183, 1.3151575503359745)]"
512,"[(993, 1.5307362177983619), (706, 1.5024213117303211), (576, 1.3383783421224473)]"
513,"[(430, 1.6000269272755514), (12, 1.5296768147702693), (632, 1.517248622039082)]"
514,"[(599, 1.6175398681624544), (855, 1.580589353396428), (782, 1.3330119437115597)]"
515,"[(781, 1.5553017458966074), (964, 1.5111373261941483), (245, 1.5001682463147932)]"
516,"[(506, 1.3790923717877905), (625, 1.357939352804479), (670, 1.315564922249853)]"
517,"[(80, 1.6215828654666389), (120, 1.5238893780525524), (440, 1.4829714444846904)]"
518,"[(170, 1.670125644787644), (563, 1.6117941256257813), (490, 1.605641488407466)]"
519,"[(961, 1.8226973301197547), (988, 1.6469066151618226), (128, 1.6386643042808222)]"
520,"[(936, 2.1102580978932735), (970, 1.6651096822155211), (508, 1.6556445149739463)]"
521,"[(919, 1.3670303356364557), (100, 1.3587586024297238), (764, 1.350046587402839)]"
522,"[(506, 1.555573583365933), (486, 1.5313374066983674), (64, 1.2981795411432389)]"
523,"[(357, 1.2470758768410437), (244, 1.1639363043534734), (36, 1.1563577936704272)]"
524,"[(206, 1.8568844769482173), (251, 1.6039125708760993), (10, 1.5555989251095586)]"
525,"[(14, 1.782217718245277), (371, 1.7391700210408305), (33, 1.5937889592554892)]"
526,"[(350, 1.7049308924208877), (746, 1.561851468189133), (4, 1.5546801345422792)]"
527,"[(471, 1.6671462809771818), (948, 1.595795375696708), (486, 1.5347719941088491)]"
528,"[(775, 1.630040201297441), (280, 1.5900770911438278), (691, 1.565222863003257)]"
529,"[(672, 2.259418656259889), (487, 1.6506166154916204), (977, 1.5234228979409257)]"
530,"[(561, 1.706827130090085), (263, 1.6339699977720343), (200, 1.6120446867965597)]"
531,"[(756, 1.4632891762312201), (224, 1.4567839240934974), (814, 1.3293372285791396)]"
532,"[(425, 1.5432646686701117), (879, 1.4063518298187274), (795, 1.2554298045106942)]"
533,"[(564, 1.502421672301604), (862, 1.2637082562636002), (198, 1.2593110075909475)]"
534,"[(479, 1.7827451272190389), (96, 1.6346283639454124), (779, 1.6327568181622594)]"
535,"[(965, 1.68351467125487), (246, 1.6162728636287749), (232, 1.585694069654282)]"
536,"[(916, 1.610978624778314), (906, 1.5663054635224616), (254, 1.2212455808275533)]"
537,"[(370, 1.2425650334254457), (125, 1.2306605493170595), (169, 1.2256190254835566)]"
538,"[(838, 1.6596683110958794), (245, 1.5697218788210405), (687, 1.5300414862045013)]"
539,"[(578, 1.7609608043222784), (454, 1.65856260917092), (495, 1.6557226961215719)]"
540,"[(449, 1.6394700546517913), (363, 1.5867614923292672), (646, 1.5142672262780026)]"
541,"[(389, 1.751835449197794), (588, 1.5404643567269412), (492, 1.5178875678512949)]"
542,"[(339, 1.963787026782067), (170, 1.7999937935734804), (549, 1.5929306265030891)]"
543,"[(632, 1.73698465799902), (438, 1.7173828378396558), (869, 1.714059537211675)]"
544,"[(584, 1.6558707305763352), (507, 1.46148731684584), (5, 1.2858139117883067)]"
545,"[(676, 1.6480961471969706), (151, 1.598054601225194), (196, 1.5969487611822966)]"
546,"[(49, 1.7891862538505585), (578, 1.7012095075474474), (422, 1.5069988779218044)]"
547,"[(586, 2.214227742174318), (401, 1.5807876573625526), (731, 1.5436130564279071)]"
548,"[(194, 1.29103374828264), (703, 1.241192553751436), (742, 1.2287757627169364)]"
549,"[(339, 1.7842959483954668), (31, 1.7390919560026878), (713, 1.623119402724218)]"
550,"[(751, 1.7736826982418452), (660, 1.4864864960419246), (380, 1.3232631089376996)]"
551,"[(26, 1.6844886348221682), (653, 1.6162094393011375), (290, 1.480814526641867)]"
552,"[(825, 1.5694212043664595), (563, 1.414331176707101), (339, 1.2690959186709188)]"
553,"[(993, 1.5879249845322598), (485, 1.5789380029535995), (576, 1.3475791407370885)]"
554,"[(769, 1.9530156756840351), (639, 1.6285651844724163), (916, 1.4166960397760944)]"
555,"[(969, 1.7380123453614402), (277, 1.6477773067435406), (583, 1.6213264782141774)]"
556,"[(869, 1.7453149155372554), (543, 1.7013254090318688), (937, 1.6219221951251468)]"
557,"[(702, 1.7595201694047922), (694, 1.7152204751460287), (667, 1.695315364985645)]"
558,"[(439, 1.4679862786243802), (899, 1.2035544417468116), (862, 1.1974862779466067)]"
559,"[(323, 1.6596944332262886), (362, 1.5808950825928743), (623, 1.5662716358383457)]"
560,"[(604, 1.6779253699088503), (582, 1.5366000218874987), (720, 1.456190153201693)]"
561,"[(260, 1.807294508134659), (530, 1.706827130090085), (417, 1.6921717179403235)]"
562,"[(126, 1.560383166365464), (206, 1.4008591167096447), (287, 1.3239924369481575)]"
563,"[(747, 1.6776063246433357), (255, 1.6751177861062383), (518, 1.6117941256257813)]"
564,"[(945, 1.5889177275201336), (533, 1.502421672301604), (182, 1.3092409328316665)]"
565,"[(828, 1.7666903001241696), (139, 1.7226228474483967), (791, 1.6930685682160913)]"
566,"[(112, 1.7223746357637901), (571, 1.6584878247165293), (489, 1.6010487949939818)]"
567,"[(456, 1.5706104385046054), (489, 1.563276661725466), (103, 1.55)]"
568,"[(507, 1.5761874373519251), (758, 1.4376988513251534), (312, 1.3384786555852004)]"
569,"[(983, 1.2743449953351234), (201, 1.214699637758593), (318, 1.2019458244456838)]"
570,"[(76, 1.690138926154788), (134, 1.3698202178116623), (325, 1.3372170328632267)]"
571,"[(566, 1.6584878247165293), (54, 1.5978107492600246), (655, 1.5661138419969942)]"
572,"[(194, 1.7143971472252864), (703, 1.6861147500615117), (967, 1.5617048467484889)]"
573,"[(226, 1.3857029834210506), (692, 1.3736383070663596), (350, 1.2987411895628835)]"
574,"[(814, 1.4894798097659303), (224, 1.4650816018474244), (888, 1.428434429235461)]"
575,"[(842, 1.6466631968216838), (777, 1.6194597899311172), (966, 1.4050804264847143)]"
576,"[(455, 2.0613425506741354), (655, 1.738281296156795), (54, 1.3902960234799187)]"
577,"[(904, 1.4822890157124444), (392, 1.4316473971146415), (87, 1.2505397478491518)]"
578,"[(539, 1.7609608043222784), (546, 1.7012095075474474), (745, 1.6891609752663146)]"
579,"[(307, 1.8015709084962905), (530, 1.4728646396363771), (926, 1.2600888010647364)]"
580,"[(408, 1.5961201690015978), (716, 1.581851319939663), (635, 1.250235136114182)]"
581,"[(67, 2.0342144228310333), (444, 1.9045562839884107), (188, 1.6721200504792277)]"
582,"[(706, 1.6051411431220437), (604, 1.5916847002821688), (225, 1.5749307504132457)]"
583,"[(925, 1.8426156487185033), (555, 1.6213264782141774), (637, 1.4873744409926282)]"
584,"[(544, 1.6558707305763352), (574, 1.3197986019923675), (824, 1.3020330385658854)]"
585,"[(676, 1.5713244487678475), (196, 1.5056524128833428), (19, 1.4876229108222403)]"
586,"[(547, 2.214227742174318), (401, 1.5854238963794582), (731, 1.5824383577740266)]"
587,"[(169, 1.6347076905305247), (624, 1.627194361898439), (741, 1.4997256404949368)]"
588,"[(541, 1.5404643567269412), (892, 1.114674225068801), (808, 1.1040261186038647)]"
589,"[(376, 1.7139057916534075), (503, 1.3768639919500616), (177, 1.2822465099953886)]"
590,"[(118, 1.8125221092146266), (991, 1.6604881071080198), (771, 1.5646680506511372)]"
591,"[(44, 1.6975654585693225), (709, 1.246679880133634), (243, 1.2346675868549235)]"
592,"[(510, 2.1179312737841696), (968, 2.0204855222273697), (320, 1.649569453770751)]"
593,"[(635, 1.530449022111626), (983, 1.5145313462848797), (710, 1.4669799234316623)]"
594,"[(238, 1.7039154907907679), (71, 1.2171269275393555), (535, 1.1895911239542927)]"
595,"[(942, 1.5953573502567764), (257, 1.594752469357122), (163, 1.5447416054615208)]"
596,"[(511, 1.2837257315689448), (653, 1.2118198102896711), (283, 1.2043390356795274)]"
597,"[(963, 1.537900128055609), (89, 1.4334643651061272), (886, 1.4307600436396055)]"
598,"[(469, 1.5837824691625815), (748, 1.5002145645775462), (764, 1.1731735079338548)]"
599,"[(856, 1.6394733792433427), (514, 1.6175398681624544), (194, 1.346727828843942)]"
600,"[(43, 1.4724969625555673), (229, 1.4366652256040755), (87, 1.3644029389188974)]"
601,"[(960, 1.6622449348186064), (115, 1.6325025672888644), (957, 1.5869382646636883)]"
602,"[(830, 1.534672281104855), (991, 1.279096015550765), (84, 1.266022576748744)]"
603,"[(774, 1.2405033768775766), (642, 1.2249554692292357), (622, 1.2215466152443444)]"
604,"[(220, 1.7543273850001686), (560, 1.6779253699088503), (405, 1.6189524174446202)]"
605,"[(359, 1.7521607057724293), (203, 1.5995723398966872), (413, 1.3169598559593179)]"
606,"[(955, 1.3226805804574693), (303, 1.317545362136536), (991, 1.3132582467391516)]"
607,"[(584, 1.2763384370853175), (203, 1.2017837473974082), (147, 1.189588774769559)]"
608,"[(763, 1.7530709222602123), (489, 1.6143672327669105), (644, 1.4036645447997964)]"
609,"[(904, 1.399864188322714), (955, 1.3941022978253996), (304, 1.2934664255339103)]"
610,"[(458, 1.5215837623032087), (313, 1.5060020479361877), (700, 1.331563181883014)]"
611,"[(324, 1.3228858258292748), (559, 1.2876259793150875), (623, 1.162796410260249)]"
612,"[(860, 1.705177226710535), (286, 1.6880800568050143), (965, 1.5287753884970996)]"
613,"[(676, 1.7302281260537122), (765, 1.6781881440171893), (909, 1.5767004424997808)]"
614,"[(286, 1.5649310030896115), (565, 1.5405794884103579), (791, 1.454332517612602)]"
615,"[(306, 1.9403209948811397), (799, 1.5874115126360393), (969, 1.5129207856617048)]"
616,"[(215, 1.9342193215265227), (864, 1.9141104179172255), (678, 1.728944515647578)]"
617,"[(326, 1.5473497259366231), (147, 1.4747793031031333), (739, 1.291985947278405)]"
618,"[(96, 1.7735519169997294), (22, 1.7356131941985091), (80, 1.5268870143963622)]"
619,"[(771, 1.2593200857193128), (963, 1.21315750172876), (505, 1.2115532394248314)]"
620,"[(496, 1.6335397936033609), (853, 1.233239978920525), (128, 1.2227031899459462)]"
621,"[(820, 1.3970043694702623), (876, 1.349198049250663), (122, 1.3346489780957076)]"
622,"[(852, 1.2618205605580497), (603, 1.2215466152443444), (933, 1.201968333156887)]"
623,"[(362, 1.7927763063206827), (324, 1.6788539467003174), (898, 1.6185453609643494)]"
624,"[(587, 1.627194361898439), (741, 1.3034566731141959), (628, 1.2321271581475042)]"
625,"[(231, 1.5230629652998606), (516, 1.357939352804479), (944, 1.2051052948407035)]"
626,"[(797, 2.004295656221089), (505, 1.648677105424151), (86, 1.5654513557074388)]"
627,"[(395, 1.3382271434745325), (702, 1.2878659566438775), (416, 1.269590125574736)]"
628,"[(765, 1.3519667500101167), (613, 1.2475442877093976), (950, 1.2474438362898348)]"
629,"[(768, 1.2710330192576436), (688, 1.2116676141459597), (52, 1.152351730599893)]"
630,"[(19, 1.7076470409092877), (114, 1.6445561000297602), (851, 1.6333769035082573)]"
631,"[(935, 1.574587359435115), (1000, 1.5251958226789353), (868, 1.393268238410036)]"
632,"[(543, 1.73698465799902), (832, 1.6847834679028508), (440, 1.657784812564615)]"
633,"[(991, 1.6969705355295845), (986, 1.650673307321108), (830, 1.6355837132855569)]"
634,"[(861, 1.4760879612135285), (708, 1.4644805748533105), (95, 1.4146240748534429)]"
635,"[(445, 1.5334545455608486), (816, 1.5327814140673401), (593, 1.530449022111626)]"
636,"[(117, 1.484169916504663), (823, 1.3644113361366672), (524, 1.2971067195265393)]"
637,"[(712, 1.6938115481758564), (960, 1.6720076161784128), (258, 1.5421429709498804)]"
638,"[(321, 1.3868716199685038), (658, 1.373949994520645), (1, 1.3364540526578454)]"
639,"[(769, 1.7933813601686002), (554, 1.6285651844724163), (123, 1.5185941351901087)]"
640,"[(147, 1.7474009107912147), (181, 1.6760215011022885), (2, 1.4843590324255815)]"
641,"[(181, 1.7071963343801184), (746, 1.3948037699366127), (640, 1.3861061288291843)]"
642,"[(208, 1.5742579677438262), (820, 1.278457951654607), (701, 1.2561855808807008)]"
643,"[(676, 1.8095535374359712), (249, 1.7052224751942964), (462, 1.654377421303218)]"
644,"[(827, 1.585842040163689), (763, 1.5593117162941244), (608, 1.4036645447997964)]"
645,"[(509, 1.5538390942039475), (202, 1.4718402074870116), (459, 1.4546422411159314)]"
646,"[(259, 1.6732203660910487), (731, 1.5441782507209136), (540, 1.5142672262780026)]"
647,"[(945, 1.6647248013264022), (119, 1.5299114994959626), (746, 1.2402133446290968)]"
648,"[(430, 1.5881410279209165), (4, 1.5571513960009375), (784, 1.4964656400097593)]"
649,"[(190, 1.601152974441946), (604, 1.4796328900938909), (300, 1.3450604665593942)]"
650,"[(710, 1.7377066215697106), (314, 1.7147532165634227), (358, 1.5030986634939283)]"
651,"[(193, 1.7674014687448867), (229, 1.5925798006116374), (288, 1.5861409452099124)]"
652,"[(782, 1.4331953168514635), (62, 1.386534982508431), (51, 1.2553449757216264)]"
653,"[(26, 1.975081653520241), (551, 1.6162094393011375), (50, 1.5868429421223036)]"
654,"[(466, 1.671956455993309), (398, 1.6157961921602626), (362, 1.5888040879539407)]"
655,"[(54, 1.9282407407407407), (576, 1.738281296156795), (571, 1.5661138419969942)]"
656,"[(325, 1.9767640876937391), (50, 1.3368913806452662), (952, 1.2675888745366828)]"
657,"[(167, 1.6565243835090715), (585, 1.4835014890908016), (709, 1.278554554485162)]"
658,"[(964, 1.6342567470344853), (90, 1.4713786434055098), (515, 1.4663977741393324)]"
659,"[(82, 1.3615811402322913), (407, 1.3057236987369611), (678, 1.2327073023269053)]"
660,"[(550, 1.4864864960419246), (687, 1.447334599532131), (873, 1.33035501673256)]"
661,"[(765, 1.2996587574148124), (332, 1.286448943140244), (30, 1.2459237152165934)]"
662,"[(767, 2.085195581952085), (715, 1.7927429480963435), (927, 1.571068997856505)]"
663,"[(831, 1.6674272201171694), (711, 1.5658755326416416), (830, 1.5511136389162499)]"
664,"[(462, 1.48494049644405), (68, 1.4457250841731983), (195, 1.2920439936249946)]"
665,"[(350, 1.5796196304463224), (28, 1.5018777988018739), (760, 1.4709760246363193)]"
666,"[(473, 1.7627444595734751), (238, 1.6041703931064863), (344, 1.3101615636211865)]"
667,"[(557, 1.695315364985645), (967, 1.6227735177533862), (739, 1.3594130298451557)]"
668,"[(924, 1.6443258927843223), (986, 1.6419746012576244), (713, 1.6157487305233318)]"
669,"[(507, 1.1913978281427322), (444, 1.1859674351144982), (485, 1.1682643244532682)]"
670,"[(810, 2.0496644742709758), (75, 1.7652493183125795), (424, 1.652624904848371)]"
671,"[(456, 1.7372991598035208), (761, 1.6125486582196356), (713, 1.5997581461226817)]"
672,"[(529, 2.259418656259889), (487, 1.6393067186588393), (56, 1.5734251190448536)]"
673,"[(434, 1.8331021494220774), (914, 1.6750053169743842), (97, 1.662456822659669)]"
674,"[(935, 1.7057657272493476), (894, 1.5530406612487901), (133, 1.2430511834694242)]"
675,"[(749, 1.6460466228180943), (696, 1.5881543715731072), (71, 1.483168189152129)]"
676,"[(196, 2.011244092301432), (643, 1.8095535374359712), (613, 1.7302281260537122)]"
677,"[(364, 1.6574259268444866), (990, 1.6146852647314724), (439, 1.5756322237116898)]"
678,"[(616, 1.728944515647578), (215, 1.495120154878951), (864, 1.4432345316107718)]"
679,"[(122, 1.833414186203149), (820, 1.665502094290878), (946, 1.2243477375756213)]"
680,"[(773, 1.583780773118225), (863, 1.5806831855608945), (802, 1.5420393037814977)]"
681,"[(184, 1.712758304464368), (422, 1.6879018421420624), (338, 1.5623467311989405)]"
682,"[(67, 1.7366899769208155), (125, 1.6394722038488418), (581, 1.6214397645396557)]"
683,"[(233, 1.6669121774766371), (851, 1.6628789539715516), (765, 1.6267301416705073)]"
684,"[(487, 1.1968604636571976), (151, 1.121340119609004), (672, 1.1182685528842045)]"
685,"[(74, 1.4570977566953196), (207, 1.3394173780259861), (227, 1.2812450394230166)]"
686,"[(283, 1.5660285084883494), (904, 1.5186970870861018), (786, 1.5007764703467097)]"
687,"[(867, 1.6591791703586567), (538, 1.5300414862045013), (383, 1.508953335457413)]"
688,"[(431, 2.1415993522586314), (259, 1.6262007864811725), (833, 1.5101120497968346)]"
689,"[(334, 1.6190577375559725), (302, 1.5918346585261196), (388, 1.5473366092675362)]"
690,"[(734, 1.4621372523995153), (53, 1.342393177657519), (95, 1.2561150100507879)]"
691,"[(719, 1.7008371372598992), (338, 1.6782958336597447), (422, 1.5982725447738828)]"
692,"[(783, 2.0400381753695482), (799, 1.500682056562507), (573, 1.3736383070663594)]"
693,"[(396, 2.0640128038412806), (876, 1.4537818224641725), (252, 1.343243322833426)]"
694,"[(557, 1.7152204751460287), (613, 1.3467592491099838), (960, 1.3136527834908835)]"
695,"[(807, 1.9080382684339878), (907, 1.615391482161628), (722, 1.6065271011418136)]"
696,"[(875, 1.711135209400174), (437, 1.6532758001687562), (675, 1.5881543715731072)]"
697,"[(427, 1.5097397225992737), (816, 1.474424420093755), (969, 1.3683613439042848)]"
698,"[(840, 1.5758123222851275), (44, 1.306413103486298), (950, 1.2536325692537191)]"
699,"[(133, 1.4375287538060175), (935, 1.3443464937087655), (785, 1.217934658437094)]"
700,"[(382, 1.7112852086620771), (233, 1.6470517415323296), (168, 1.5944863557864242)]"
701,"[(816, 1.7279215973047586), (30, 1.6381124586000926), (984, 1.3472042469732188)]"
702,"[(557, 1.7595201694047922), (989, 1.60498550984653), (258, 1.6023414172123636)]"
703,"[(194, 2.126597595746118), (826, 1.7516735908671308), (572, 1.6861147500615117)]"
704,"[(108, 1.7558975579256686), (842, 1.7112580612896773), (242, 1.6949497269760272)]"
705,"[(834, 1.7467964748780342), (632, 1.6501831009239931), (52, 1.6013743750702993)]"
706,"[(485, 1.690496912147372), (582, 1.6051411431220437), (352, 1.564375655275923)]"
707,"[(308, 1.5879626786156358), (521, 1.2622568429872076), (16, 1.239937298543302)]"
708,"[(34, 1.6064921259201892), (817, 1.5050300714809124), (634, 1.4644805748533105)]"
709,"[(494, 1.5968052639180064), (144, 1.5211332085252178), (239, 1.4891234713371386)]"
710,"[(314, 2.154806821864613), (438, 1.7524455990104246), (650, 1.7377066215697106)]"
711,"[(962, 1.643530254179359), (219, 1.587023548143804), (663, 1.5658755326416416)]"
712,"[(637, 1.6938115481758564), (233, 1.6370050408758536), (799, 1.5925757156958655)]"
713,"[(758, 1.6586527588061974), (549, 1.623119402724218), (668, 1.6157487305233318)]"
714,"[(819, 1.4846998379239618), (471, 1.3904823392047885), (506, 1.2607802210171946)]"
715,"[(662, 1.7927429480963435), (804, 1.711160529178976), (767, 1.500417010062276)]"
716,"[(580, 1.581851319939663), (772, 1.4926825655227733), (632, 1.4823825866196048)]"
717,"[(683, 1.555901030017537), (851, 1.5169793764782917), (996, 1.4056618247294361)]"
718,"[(177, 1.750667243150123), (971, 1.64776066320096), (503, 1.5967087200045218)]"
719,"[(691, 1.7008371372598992), (882, 1.52785317271297), (876, 1.5119193783940914)]"
720,"[(348, 1.6696590278787307), (770, 1.4921257865878337), (560, 1.456190153201693)]"
721,"[(127, 2.07629635618312), (907, 1.6255846558034266), (224, 1.5649318513476744)]"
722,"[(108, 1.6161010126420654), (695, 1.6065271011418136), (932, 1.5882620140561374)]"
723,"[(849, 1.631652692211727), (568, 1.209429947159204), (232, 1.2054464191356826)]"
724,"[(268, 1.6146359612493775), (60, 1.6087015791233656), (873, 1.5278667889463162)]"
725,"[(750, 1.6391727968724017), (340, 1.518969566383821), (227, 1.3171299590456473)]"
726,"[(18, 1.6750181449083412), (803, 1.6593290195528791), (327, 1.6338578250830653)]"
727,"[(19, 1.8221529400636232), (730, 1.6092011051768984), (643, 1.6036758660777726)]"
728,"[(975, 1.9957957679848628), (749, 1.6416476277446717), (106, 1.5601439789217406)]"
729,"[(269, 1.6815571317699782), (973, 1.5779428855628816), (382, 1.3771569125997365)]"
730,"[(727, 1.6092011051768984), (297, 1.465288196917797), (821, 1.3749473829171572)]"
731,"[(259, 1.7330149810882125), (53, 1.6419810438460865), (586, 1.5824383577740266)]"
732,"[(353, 1.7459166198921443), (962, 1.2818827239713584), (605, 1.2498781006117095)]"
733,"[(328, 1.5507931315004948), (757, 1.4792242107458937), (524, 1.4729751137415443)]"
734,"[(937, 1.6386944771200012), (95, 1.6100856679599211), (427, 1.5604910965275638)]"
735,"[(822, 1.6215156215964353), (211, 1.5692450089729875), (258, 1.279888950336194)]"
736,"[(204, 1.6982266441633964), (495, 1.6968428563850333), (972, 1.6381130730724256)]"
737,"[(55, 1.7534973978905897), (227, 1.5362524971178204), (966, 1.5342470584006604)]"
738,"[(572, 1.5385738299947922), (175, 1.5371503196048253), (140, 1.5051002483797116)]"
739,"[(50, 1.7514516543514291), (344, 1.6473817695155295), (944, 1.5258178878308606)]"
740,"[(70, 1.9263442375034423), (472, 1.9009563623107175), (415, 1.4830188879006467)]"
741,"[(496, 1.679206314436673), (982, 1.6226559343476115), (630, 1.5923053201039958)]"
742,"[(601, 1.4822900954929394), (971, 1.2542836649003688), (548, 1.2287757627169364)]"
743,"[(391, 1.6527461038699887), (975, 1.6051710242676596), (370, 1.5772338160360662)]"
744,"[(796, 1.3510411127818829), (846, 1.2947760324686937), (261, 1.194864094970327)]"
745,"[(385, 2.0258208178726282), (578, 1.6891609752663146), (546, 1.3627570729723708)]"
746,"[(4, 1.6430027080629923), (974, 1.6008018153600636), (526, 1.561851468189133)]"
747,"[(110, 1.6902894484682647), (563, 1.6776063246433357), (797, 1.629677268716559)]"
748,"[(469, 1.9286485235975201), (259, 1.5724403372866143), (226, 1.5110891180529888)]"
749,"[(975, 1.676556111389145), (675, 1.6460466228180943), (728, 1.6416476277446717)]"
750,"[(725, 1.6391727968724017), (3, 1.6127770336290688), (818, 1.5809430927785515)]"
751,"[(550, 1.7736826982418452), (184, 1.3034213379238), (300, 1.2951873583928966)]"
752,"[(180, 1.5612924368034298), (221, 1.4929426153941026), (12, 1.292625623424455)]"
753,"[(803, 2.1124143167377865), (293, 1.8473175513077722), (917, 1.6625994907295494)]"
754,"[(755, 1.6609372595752983), (29, 1.5708291008985464), (914, 1.5043883820468489)]"
755,"[(754, 1.6609372595752983), (395, 1.6149789947145876), (434, 1.2400154361294773)]"
756,"[(488, 1.5750485777280323), (254, 1.5441638992905937), (531, 1.4632891762312201)]"
757,"[(827, 1.6418961727843384), (763, 1.5510181546874977), (724, 1.4892395092476864)]"
758,"[(508, 1.714693498134959), (713, 1.6586527588061974), (315, 1.594739272096212)]"
759,"[(987, 1.6425541252892146), (909, 1.5580113211529742), (414, 1.487526436745585)]"
760,"[(809, 1.6716794224771354), (28, 1.6345727071114788), (330, 1.6272524560074624)]"
761,"[(299, 1.76627072287708), (142, 1.7410855777870191), (456, 1.7117219362727354)]"
762,"[(988, 1.6759680088792974), (519, 1.5350609121224816), (87, 1.5341854246917674)]"
763,"[(608, 1.7530709222602123), (644, 1.5593117162941244), (757, 1.5510181546874977)]"
764,"[(813, 1.6055681534457467), (100, 1.5275176996345823), (973, 1.3809214114742823)]"
765,"[(613, 1.6781881440171893), (683, 1.6267301416705073), (987, 1.579188276128715)]"
766,"[(936, 1.6516936564016174), (240, 1.6288852903656874), (520, 1.6273731814265309)]"
767,"[(662, 2.085195581952085), (927, 1.5673810751913655), (715, 1.500417010062276)]"
768,"[(256, 1.2825898796976016), (629, 1.2710330192576436), (909, 1.226155539817524)]"
769,"[(554, 1.9530156756840351), (639, 1.7933813601686002), (447, 1.57631333453249)]"
770,"[(348, 1.9516419444334099), (898, 1.7358934853203878), (720, 1.4921257865878337)]"
771,"[(991, 1.7611208615497356), (104, 1.6222920292314322), (590, 1.5646680506511372)]"
772,"[(632, 1.6396415999048783), (716, 1.4926825655227733), (168, 1.4908333070733788)]"
773,"[(320, 1.8575287227023152), (680, 1.583780773118225), (999, 1.5014748939457292)]"
774,"[(43, 1.7117476413796469), (185, 1.58317643189049), (730, 1.3687909915084062)]"
775,"[(528, 1.630040201297441), (906, 1.3969634441971965), (766, 1.2536026289171782)]"
776,"[(889, 1.669586957617918), (255, 1.6221929907169745), (907, 1.4932433572521044)]"
777,"[(75, 1.704235928210842), (575, 1.6194597899311172), (46, 1.598220009745173)]"
778,"[(664, 1.2450932155307388), (15, 1.2391906164171607), (460, 1.227905741330703)]"
779,"[(96, 1.6852618173115383), (534, 1.6327568181622594), (440, 1.4044086933523587)]"
780,"[(417, 1.3712455482223231), (471, 1.3357004586762404), (527, 1.323579190293542)]"
781,"[(117, 1.6324195063479703), (515, 1.5553017458966074), (341, 1.3398090636666387)]"
782,"[(652, 1.4331953168514635), (514, 1.3330119437115597), (937, 1.3029658737186387)]"
783,"[(692, 2.0400381753695482), (799, 1.642291654138686), (94, 1.2373787826936118)]"
784,"[(765, 1.5674604699602666), (683, 1.561955559781678), (648, 1.4964656400097593)]"
785,"[(379, 1.7526245129093672), (935, 1.6895040261236434), (934, 1.4299865524685846)]"
786,"[(686, 1.5007764703467097), (641, 1.2925871188878966), (290, 1.2497939074942788)]"
787,"[(387, 1.875996123629121), (423, 1.6515444988148016), (403, 1.6211797262334666)]"
788,"[(446, 1.5140562161297157), (881, 1.4601643029947708), (146, 1.4507090280789359)]"
789,"[(837, 1.7748124454619654), (209, 1.6339004999074864), (823, 1.6191819432950303)]"
790,"[(847, 1.573262715277441), (974, 1.5647259566710892), (892, 1.3040512020847537)]"
791,"[(565, 1.6930685682160913), (137, 1.463892985438332), (614, 1.454332517612602)]"
792,"[(559, 1.4055054026222136), (781, 1.1984070613868534), (994, 1.1878411212891675)]"
793,"[(70, 1.7448659714150394), (472, 1.5484270030147629), (280, 1.528824679373274)]"
794,"[(302, 1.6564904992523752), (689, 1.3874731085703997), (718, 1.2946755561317869)]"
795,"[(651, 1.5152599763803594), (288, 1.4715419530068734), (882, 1.4001576170679289)]"
796,"[(895, 1.4755637542888034), (744, 1.3510411127818827), (615, 1.2536868814067414)]"
797,"[(626, 2.004295656221089), (207, 1.7809513022662435), (747, 1.629677268716559)]"
798,"[(141, 2.1386478396118758), (632, 1.5820653800762583), (173, 1.5377273484732792)]"
799,"[(306, 1.756653324917833), (783, 1.642291654138686), (712, 1.5925757156958655)]"
800,"[(307, 1.2081930639984488), (965, 1.205397350722805), (732, 1.1939964052075234)]"
801,"[(481, 1.898760515193559), (722, 1.5824345221359644), (670, 1.530720860314779)]"
802,"[(680, 1.5420393037814977), (281, 1.5415303486911103), (264, 1.3122075833324405)]"
803,"[(753, 2.1124143167377865), (219, 1.6993344063593379), (726, 1.6593290195528791)]"
804,"[(303, 1.8558390314112687), (715, 1.711160529178976), (392, 1.6080502725447685)]"
805,"[(8, 1.5540783144346326), (48, 1.3403595463173352), (233, 1.2721584551223695)]"
806,"[(668, 1.3281850037121554), (333, 1.2898244758219777), (244, 1.2582333557213572)]"
807,"[(695, 1.9080382684339878), (360, 1.8734511945608778), (326, 1.6319299942968297)]"
808,"[(585, 1.207133065381874), (155, 1.1517901850365204), (768, 1.139574737586544)]"
809,"[(760, 1.6716794224771354), (885, 1.2834435029869835), (392, 1.2607600228745963)]"
810,"[(670, 2.0496644742709758), (900, 1.6685507234862382), (108, 1.6340401469425827)]"
811,"[(142, 1.3012480059266418), (687, 1.1905944893510345), (299, 1.1651652332759863)]"
812,"[(503, 1.6747168497263476), (718, 1.5832408609789101), (971, 1.5596631775472163)]"
813,"[(764, 1.6055681534457467), (824, 1.3715899620320504), (973, 1.3381099661306353)]"
814,"[(224, 1.6681170276987571), (330, 1.6586085053685884), (727, 1.5908381226853026)]"
815,"[(843, 1.7022594986409185), (20, 1.6627801635612163), (736, 1.6200147209668163)]"
816,"[(427, 1.7404658859214466), (701, 1.7279215973047586), (635, 1.5327814140673401)]"
817,"[(708, 1.5050300714809124), (34, 1.485343824690411), (833, 1.4248548889979658)]"
818,"[(125, 1.6448587316926244), (750, 1.5809430927785515), (682, 1.4259746372711564)]"
819,"[(807, 1.603605830832033), (976, 1.58547149373769), (506, 1.575061931390962)]"
820,"[(679, 1.665502094290878), (122, 1.443698023940003), (621, 1.3970043694702623)]"
821,"[(304, 1.6456037249187134), (491, 1.6127171629232533), (727, 1.5290094939415517)]"
822,"[(735, 1.6215156215964353), (702, 1.3307495164940528), (464, 1.2296282527261142)]"
823,"[(789, 1.6191819432950303), (265, 1.541592631037731), (117, 1.403239851055246)]"
824,"[(442, 1.6153409636352967), (939, 1.4952491637697019), (696, 1.4586093968627285)]"
825,"[(552, 1.5694212043664595), (181, 1.4923223304703364), (176, 1.4913846057907634)]"
826,"[(703, 1.7516735908671308), (194, 1.6099784079103723), (148, 1.266343278028939)]"
827,"[(328, 1.6571633998665478), (757, 1.6418961727843384), (644, 1.585842040163689)]"
828,"[(565, 1.7666903001241696), (41, 1.5897294200618488), (139, 1.4488692743245184)]"
829,"[(913, 1.7886637544250028), (229, 1.2716920596760999), (252, 1.266328191541061)]"
830,"[(388, 1.66342367110054), (633, 1.6355837132855569), (219, 1.6091843904146297)]"
831,"[(663, 1.6674272201171694), (571, 1.4431458017852934), (803, 1.298806323476915)]"
832,"[(504, 2.0136672863331224), (632, 1.6847834679028508), (14, 1.5727625602264697)]"
833,"[(294, 1.719359227142783), (431, 1.6404427716759888), (688, 1.5101120497968346)]"
834,"[(705, 1.7467964748780342), (214, 1.625186235430579), (784, 1.4274211635103546)]"
835,"[(14, 1.569900986252431), (556, 1.244467857761412), (772, 1.2403040372392207)]"
836,"[(120, 1.6331441624246348), (94, 1.3147416119978015), (688, 1.2503549499346165)]"
837,"[(789, 1.7748124454619654), (467, 1.715930015913188), (324, 1.504973279881204)]"
838,"[(157, 1.66439471356112), (538, 1.6596683110958794), (726, 1.5479806507846974)]"
839,"[(984, 1.6215081690109068), (30, 1.5545755166547053), (416, 1.3247090111870854)]"
840,"[(698, 1.5758123222851275), (409, 1.5152283516708334), (194, 1.3928417127937642)]"
841,"[(963, 1.5450418843586249), (106, 1.4248040594946703), (471, 1.3595516371952618)]"
842,"[(704, 1.7112580612896773), (575, 1.6466631968216838), (491, 1.6375976045031249)]"
843,"[(815, 1.7022594986409185), (20, 1.690611913607822), (118, 1.649764073721238)]"
844,"[(65, 1.653991024482022), (226, 1.2934573170434105), (573, 1.2368931208572247)]"
845,"[(295, 1.6916150619837749), (210, 1.4995918419852843), (11, 1.4303007688233724)]"
846,"[(744, 1.2947760324686937), (176, 1.2096152272768976), (94, 1.197817164567641)]"
847,"[(790, 1.573262715277441), (138, 1.2476612671348875), (2, 1.2471869245483365)]"
848,"[(118, 1.756255777199054), (248, 1.5684190230501667), (272, 1.4637792153233844)]"
849,"[(723, 1.631652692211727), (568, 1.32750495078083), (975, 1.203180646668054)]"
850,"[(298, 1.5816770795638286), (380, 1.55), (337, 1.5047897116338096)]"
851,"[(253, 2.0604090970822977), (683, 1.6628789539715516), (630, 1.6333769035082573)]"
852,"[(926, 1.6731198797149633), (307, 1.4859515110539308), (500, 1.3140064812841985)]"
853,"[(913, 1.609180983431349), (364, 1.5513358074499377), (114, 1.4966970067298393)]"
854,"[(339, 1.688343646854273), (360, 1.587965678523379), (889, 1.4533551605495725)]"
855,"[(937, 1.657489942283207), (514, 1.580589353396428), (534, 1.475185624075447)]"
856,"[(462, 1.708027553555431), (599, 1.6394733792433427), (175, 1.6187430159715726)]"
857,"[(461, 2.033891909942847), (46, 1.5963867303272898), (312, 1.5482197090665046)]"
858,"[(503, 1.6161053255120383), (177, 1.542659450087781), (916, 1.370651651458658)]"
859,"[(139, 1.4969220353613075), (4, 1.4475255398495612), (167, 1.4332333419691872)]"
860,"[(612, 1.705177226710535), (211, 1.6347373057363266), (702, 1.497393547562871)]"
861,"[(92, 1.769756002944309), (501, 1.5852299203677171), (634, 1.4760879612135285)]"
862,"[(882, 1.719428845143601), (113, 1.3892509844484904), (535, 1.270957691966249)]"
863,"[(680, 1.5806831855608945), (134, 1.415842066234807), (773, 1.337816810110383)]"
864,"[(215, 2.065290745290745), (616, 1.9141104179172255), (101, 1.4916774474777954)]"
865,"[(59, 1.6425333828339268), (760, 1.2939722480697535), (722, 1.2263397237502933)]"
866,"[(923, 1.6283711318287208), (128, 1.6104128240567481), (988, 1.5395684668387097)]"
867,"[(687, 1.6591791703586567), (329, 1.579885811730263), (985, 1.434604503335632)]"
868,"[(631, 1.393268238410036), (266, 1.2506803701561229), (570, 1.2479520129243926)]"
869,"[(941, 1.8120280033870784), (556, 1.7453149155372554), (543, 1.714059537211675)]"
870,"[(26, 1.2531226273979736), (767, 1.15966463858444), (606, 1.1471594951651205)]"
871,"[(452, 1.5126627798300398), (278, 1.3705748329810523), (633, 1.306350325051872)]"
872,"[(101, 1.55276138592298), (27, 1.3971369507226035), (641, 1.2226288650625066)]"
873,"[(724, 1.5278667889463162), (538, 1.4798576136946575), (384, 1.4099728194568726)]"
874,"[(141, 1.6166653273309999), (27, 1.5586582493959666), (168, 1.4892384416667321)]"
875,"[(696, 1.711135209400174), (457, 1.6894464125930664), (929, 1.340150281767904)]"
876,"[(396, 1.598899075218951), (719, 1.5119193783940914), (693, 1.4537818224641725)]"
877,"[(929, 1.6183443233305652), (894, 1.5827675880078664), (279, 1.4880676799716908)]"
878,"[(954, 1.6502075894047903), (57, 1.477175748287843), (432, 1.4580099965910107)]"
879,"[(378, 1.6654465812762875), (193, 1.647472862034132), (338, 1.4488356550900867)]"
880,"[(601, 1.3578063368104347), (583, 1.292761065073293), (288, 1.2023975213612124)]"
881,"[(446, 2.0), (97, 1.791793994165086), (434, 1.6375490786590026)]"
882,"[(862, 1.719428845143601), (338, 1.6478122061401939), (719, 1.52785317271297)]"
883,"[(343, 1.4777123536697014), (158, 1.3711559449806319), (220, 1.2365758643896132)]"
884,"[(505, 1.5977421883165221), (240, 1.5892346093280538), (681, 1.4328547265247287)]"
885,"[(812, 1.5242522935396359), (686, 1.4937732336946927), (904, 1.3543909311284605)]"
886,"[(976, 1.5938124126352664), (20, 1.535163972974181), (597, 1.4307600436396055)]"
887,"[(196, 1.7718085049050725), (68, 1.6593729680101714), (409, 1.6560459239121261)]"
888,"[(127, 1.675942145182288), (721, 1.5273327738353641), (574, 1.428434429235461)]"
889,"[(360, 2.0471404520791032), (907, 1.7334981392116846), (776, 1.669586957617918)]"
890,"[(48, 1.4880334388379874), (322, 1.4575123380233872), (52, 1.3398707670202321)]"
891,"[(758, 1.2765834238627787), (671, 1.1366532506132618), (713, 1.131296875286437)]"
892,"[(153, 1.694415915357559), (974, 1.6366344270515476), (435, 1.559600912231698)]"
893,"[(545, 1.449256154613275), (181, 1.2074922296783466), (797, 1.2072185551330423)]"
894,"[(402, 1.7645258164895017), (877, 1.5827675880078664), (992, 1.5737211889546572)]"
895,"[(796, 1.4755637542888034), (4, 1.4527419788539793), (139, 1.423684366515099)]"
896,"[(63, 1.7688710379861539), (276, 1.589106076475603), (227, 1.5531472312403463)]"
897,"[(50, 1.6774732261432945), (379, 1.648577015571796), (231, 1.6391789940428263)]"
898,"[(310, 2.141672329337003), (770, 1.7358934853203878), (509, 1.6912878006626115)]"
899,"[(502, 1.2710693903181902), (868, 1.2294622558150028), (901, 1.2147499333335456)]"
900,"[(810, 1.6685507234862382), (930, 1.584466639117653), (424, 1.5073599496399308)]"
901,"[(856, 1.476818579597687), (988, 1.2574942376411489), (899, 1.2147499333335456)]"
902,"[(46, 1.8863396840006748), (461, 1.5539859706315844), (777, 1.5364888917562842)]"
903,"[(266, 1.6289315002008768), (151, 1.594783991551381), (42, 1.5746274363109967)]"
904,"[(392, 1.6721012802417274), (303, 1.5284005529276674), (686, 1.5186970870861018)]"
905,"[(958, 2.062218007973465), (470, 1.6672898075925868), (309, 1.5755928562886115)]"
906,"[(536, 1.5663054635224616), (775, 1.3969634441971965), (766, 1.3399365724024317)]"
907,"[(889, 1.7334981392116846), (721, 1.6255846558034266), (695, 1.615391482161628)]"
908,"[(239, 1.712428097591357), (8, 1.6609609996529682), (996, 1.4299805353477366)]"
909,"[(613, 1.5767004424997808), (759, 1.5580113211529742), (765, 1.5520174861527254)]"
910,"[(484, 1.4844050113139877), (286, 1.4271840160608529), (614, 1.3532116883249234)]"
911,"[(363, 1.3894278125373865), (41, 1.3302124469072898), (565, 1.1872187289844087)]"
912,"[(931, 1.46209695125771), (137, 1.381405982203506), (570, 1.2761996412098158)]"
913,"[(829, 1.7886637544250028), (114, 1.6146281610241453), (853, 1.609180983431349)]"
914,"[(673, 1.6750053169743842), (948, 1.6300063273582213), (626, 1.5492549512767373)]"
915,"[(842, 1.4956416657522003), (777, 1.453285325709395), (686, 1.3480411573329236)]"
916,"[(451, 1.7358795204377524), (536, 1.610978624778314), (447, 1.610640297042403)]"
917,"[(753, 1.6625994907295494), (803, 1.6405049480783518), (374, 1.5799404150991179)]"
918,"[(428, 1.9614384081177674), (351, 1.8522148122436484), (331, 1.665657964993706)]"
919,"[(47, 1.7752526808995168), (211, 1.4629582317431706), (316, 1.3889772201744626)]"
920,"[(308, 1.3211201517843234), (30, 1.2823215816091553), (288, 1.208752033146652)]"
921,"[(245, 1.8715002193368209), (352, 1.7797282448322291), (157, 1.7158902332014283)]"
922,"[(838, 1.4500878358219556), (415, 1.3086587886068335), (985, 1.2919217776490826)]"
923,"[(474, 1.6430407750996718), (866, 1.6283711318287208), (128, 1.5557757806281762)]"
924,"[(668, 1.6443258927843223), (713, 1.5663028199434446), (549, 1.562141504026122)]"
925,"[(583, 1.8426156487185033), (453, 1.3247922255402496), (862, 1.1860638559742156)]"
926,"[(293, 1.793648080960559), (434, 1.7926143027447081), (852, 1.6731198797149633)]"
927,"[(842, 1.586427304047236), (662, 1.571068997856505), (767, 1.5673810751913655)]"
928,"[(342, 1.4163929952230572), (731, 1.285547650460088), (540, 1.228494598819615)]"
929,"[(877, 1.6183443233305652), (894, 1.5439675791018626), (992, 1.4823052793282576)]"
930,"[(900, 1.584466639117653), (907, 1.3612456155669932), (147, 1.3342146873198486)]"
931,"[(459, 1.6729763619500784), (509, 1.4982628135482676), (912, 1.46209695125771)]"
932,"[(460, 1.6027306847191907), (722, 1.5882620140561374), (242, 1.3959050994554896)]"
933,"[(218, 1.685461167214552), (519, 1.5794050015364265), (961, 1.504028814978771)]"
934,"[(379, 1.7915581231498985), (127, 1.5845514997219572), (897, 1.437268078742615)]"
935,"[(674, 1.7057657272493476), (785, 1.6895040261236434), (631, 1.574587359435115)]"
936,"[(520, 2.1102580978932735), (296, 1.8488733100270824), (970, 1.7314689129339094)]"
937,"[(479, 2.0014817291373164), (430, 1.7750460046353835), (543, 1.6962813027416792)]"
938,"[(208, 1.3079884140155267), (734, 1.263253425616736), (762, 1.256850167185237)]"
939,"[(367, 1.755225118832477), (442, 1.6857061061586125), (326, 1.65395304688363)]"
940,"[(726, 1.6113871442377692), (245, 1.5337098502002606), (921, 1.4825504127904487)]"
941,"[(869, 1.8120280033870784), (969, 1.571568228676394), (406, 1.487829003151078)]"
942,"[(595, 1.5953573502567764), (5, 1.5694105248311963), (335, 1.5531472355788716)]"
943,"[(486, 1.3126836088722087), (54, 1.2748198898830485), (917, 1.2556660135690236)]"
944,"[(50, 2.1008553096144778), (26, 1.8632257185074905), (897, 1.5269645050324423)]"
945,"[(647, 1.6647248013264022), (564, 1.5889177275201336), (252, 1.3922363464913936)]"
946,"[(106, 1.3378311376521284), (432, 1.229098191383208), (679, 1.2243477375756213)]"
947,"[(527, 1.4950882062891409), (500, 1.4061163078966181), (852, 1.292578169417919)]"
948,"[(471, 1.7810595418297488), (104, 1.6821935222512954), (914, 1.6300063273582213)]"
949,"[(282, 2.049543819831096), (710, 1.7019049030365194), (314, 1.5812962249184799)]"
950,"[(119, 1.4868454029361102), (130, 1.4724358811357319), (698, 1.2536325692537191)]"
951,"[(31, 1.2991869575583177), (28, 1.2772384042375409), (563, 1.2398219101943073)]"
952,"[(289, 1.6686614782503566), (472, 1.5227254989768282), (740, 1.4345856968658577)]"
953,"[(635, 1.5231975316313662), (593, 1.2365830054362261), (983, 1.2175774907665977)]"
954,"[(878, 1.6502075894047903), (116, 1.5626151576826859), (57, 1.4819141248822765)]"
955,"[(303, 1.5023791325527587), (304, 1.3969427012655804), (609, 1.3941022978253996)]"
956,"[(93, 1.3357994370226685), (379, 1.3204848289214657), (59, 1.314429050922143)]"
957,"[(601, 1.5869382646636883), (84, 1.3344944461663772), (115, 1.2619562745120716)]"
958,"[(905, 2.062218007973465), (613, 1.3754101569477808), (470, 1.348594000571258)]"
959,"[(163, 1.3291542837400712), (576, 1.2749819018073714), (455, 1.2716910948680054)]"
960,"[(17, 1.7301565662429854), (72, 1.7285304625693105), (637, 1.6720076161784128)]"
961,"[(519, 1.8226973301197547), (476, 1.6288877644898032), (309, 1.5374288374283072)]"
962,"[(436, 1.7738398725707376), (97, 1.705837535378699), (353, 1.6722024583000141)]"
963,"[(207, 1.6710658822649218), (948, 1.6262123748640007), (841, 1.5450418843586249)]"
964,"[(658, 1.6342567470344853), (268, 1.5736664263392286), (515, 1.5111373261941483)]"
965,"[(535, 1.68351467125487), (612, 1.5287753884970996), (860, 1.463559829442641)]"
966,"[(737, 1.5342470584006604), (163, 1.5177488305042874), (227, 1.4785615009884352)]"
967,"[(543, 1.679174328634412), (667, 1.6227735177533862), (572, 1.5617048467484889)]"
968,"[(592, 2.0204855222273697), (510, 1.977989883480719), (161, 1.6655053156050046)]"
969,"[(555, 1.7380123453614402), (937, 1.5995945235930669), (309, 1.594035124100966)]"
970,"[(936, 1.7314689129339094), (520, 1.6651096822155211), (296, 1.6076057079974189)]"
971,"[(503, 1.741467910098501), (334, 1.6654193703419753), (718, 1.64776066320096)]"
972,"[(341, 1.971637021355784), (452, 1.6491408832903551), (736, 1.6381130730724256)]"
973,"[(729, 1.5779428855628816), (939, 1.4026825963808407), (764, 1.3809214114742823)]"
974,"[(892, 1.6366344270515476), (746, 1.6008018153600636), (790, 1.5647259566710892)]"
975,"[(728, 1.9957957679848628), (333, 1.6975117250526113), (106, 1.6813164812268035)]"
976,"[(886, 1.5938124126352664), (819, 1.58547149373769), (471, 1.4321065593192983)]"
977,"[(529, 1.5234228979409257), (672, 1.3837653061863362), (367, 1.272967201463934)]"
978,"[(557, 1.197194440097552), (231, 1.1854864166059116), (17, 1.171768419364578)]"
979,"[(108, 1.6974165766975864), (255, 1.6157579310864842), (807, 1.5401870951909278)]"
980,"[(54, 1.6231244197171775), (272, 1.5444008497651693), (655, 1.302116058930725)]"
981,"[(823, 1.38502374388505), (60, 1.3712462875118527), (117, 1.2966702486698516)]"
982,"[(741, 1.6226559343476115), (429, 1.5208079464381146), (62, 1.4585686858050968)]"
983,"[(593, 1.5145313462848797), (635, 1.5113452342497433), (525, 1.2908971739583788)]"
984,"[(416, 1.6921339242950897), (839, 1.6215081690109068), (701, 1.3472042469732188)]"
985,"[(329, 2.0551311302333644), (156, 1.5998771295270462), (467, 1.55)]"
986,"[(633, 1.650673307321108), (668, 1.6419746012576244), (136, 1.579806520536946)]"
987,"[(759, 1.6425541252892146), (345, 1.6352400064125792), (69, 1.6292484976851453)]"
988,"[(762, 1.6759680088792974), (519, 1.6469066151618226), (866, 1.5395684668387097)]"
989,"[(17, 1.9133066537243772), (702, 1.60498550984653), (960, 1.5817736858050853)]"
990,"[(677, 1.6146852647314724), (450, 1.2963087087159637), (375, 1.278957335724183)]"
991,"[(771, 1.7611208615497356), (633, 1.6969705355295845), (590, 1.6604881071080198)]"
992,"[(198, 1.9441677607780143), (182, 1.5804618019107357), (894, 1.5737211889546572)]"
993,"[(553, 1.5879249845322598), (485, 1.5400036062116127), (512, 1.5307362177983619)]"
994,"[(21, 1.7345365270764797), (559, 1.5190509073025982), (109, 1.3715358062326912)]"
995,"[(1017, 1.5), (3, 1.3370047382449814), (845, 1.2403620673922984)]"
996,"[(345, 1.659544210698474), (851, 1.5446067560990997), (253, 1.5351833188214332)]"
997,"[(243, 1.62515964444038), (336, 1.5193775002026348), (319, 1.3410179592368199)]"
998,"[(399, 1.2145913382895879), (616, 1.1902530167944383), (501, 1.1892755335637015)]"
999,"[(566, 1.5720954341318498), (79, 1.554211701450956), (296, 1.527554543609318)]"
1000,"[(631, 1.5251958226789353), (114, 1.5126921627708259), (630, 1.273906379863982)]"
1005,"[(37, 0.5), (67, 0.5), (91, 0.5)]"
1012,"[(91, 1.51), (179, 1.3334945608221027), (1020, 1.1332050294337845)]"
1016,"[(562, 1.2485521018838126), (267, 1.1372343123554227), (126, 1.095099408204024)]"
1017,"[(995, 1.5), (538, 1.127564518813674), (873, 1.050843829535237)]"
1020,"[(1012, 1.1332050294337845), (871, 1.05), (922, 1.05)]"
