id,user_id,menu_id,rating,updated_at,created_at
1,1,4,1,"2021-02-16 18:46:49","2021-02-16 18:46:49"
2,1,1,2,"2021-02-16 18:46:49","2021-02-16 18:46:49"
3,2,25,4,"2021-02-16 18:46:49","2021-02-16 18:46:49"
4,2,15,1,"2021-02-16 18:46:49","2021-02-16 18:46:49"
5,2,53,3,"2021-02-16 18:46:49","2021-02-16 18:46:49"
6,2,18,5,"2021-02-16 18:46:49","2021-02-16 18:46:49"
7,2,43,3,"2021-02-16 18:46:49","2021-02-16 18:46:49"
8,2,31,3,"2021-02-16 18:46:49","2021-02-16 18:46:49"
9,2,66,2,"2021-02-16 18:46:49","2021-02-16 18:46:49"
10,2,36,2,"2021-02-16 18:46:49","2021-02-16 18:46:49"
11,2,49,5,"2021-02-16 18:46:49","2021-02-16 18:46:49"
12,2,45,1,"2021-02-16 18:46:49","2021-02-16 18:46:49"
13,2,55,4,"2021-02-16 18:46:49","2021-02-16 18:46:49"
14,2,56,3,"2021-02-16 18:46:49","2021-02-16 18:46:49"
15,2,58,2,"2021-02-16 18:46:50","2021-02-16 18:46:50"
16,2,32,2,"2021-02-16 18:46:50","2021-02-16 18:46:50"
17,2,12,3,"2021-02-16 18:46:50","2021-02-16 18:46:50"
18,2,65,4,"2021-02-16 18:46:50","2021-02-16 18:46:50"
19,2,4,2,"2021-02-16 18:46:50","2021-02-16 18:46:50"
20,2,64,1,"2021-02-16 18:46:50","2021-02-16 18:46:50"
21,2,42,5,"2021-02-16 18:46:50","2021-02-16 18:46:50"
22,2,29,4,"2021-02-16 18:46:50","2021-02-16 18:46:50"
23,2,14,5,"2021-02-16 18:46:50","2021-02-16 18:46:50"
24,2,2,2,"2021-02-16 18:46:50","2021-02-16 18:46:50"
25,2,34,2,"2021-02-16 18:46:50","2021-02-16 18:46:50"
26,2,60,3,"2021-02-16 18:46:50","2021-02-16 18:46:50"
27,2,35,1,"2021-02-16 18:46:50","2021-02-16 18:46:50"
28,2,10,2,"2021-02-16 18:46:50","2021-02-16 18:46:50"
29,2,52,1,"2021-02-16 18:46:50","2021-02-16 18:46:50"
30,2,5,5,"2021-02-16 18:46:50","2021-02-16 18:46:50"
31,2,6,1,"2021-02-16 18:46:50","2021-02-16 18:46:50"
32,2,39,2,"2021-02-16 18:46:50","2021-02-16 18:46:50"
33,2,26,3,"2021-02-16 18:46:50","2021-02-16 18:46:50"
34,2,21,2,"2021-02-16 18:46:50","2021-02-16 18:46:50"
35,2,16,5,"2021-02-16 18:46:50","2021-02-16 18:46:50"
36,2,37,1,"2021-02-16 18:46:50","2021-02-16 18:46:50"
37,2,23,1,"2021-02-16 18:46:50","2021-02-16 18:46:50"
38,2,59,2,"2021-02-16 18:46:50","2021-02-16 18:46:50"
39,2,67,1,"2021-02-16 18:46:50","2021-02-16 18:46:50"
40,2,63,2,"2021-02-16 18:46:50","2021-02-16 18:46:50"
41,2,27,3,"2021-02-16 18:46:50","2021-02-16 18:46:50"
42,2,24,3,"2021-02-16 18:46:50","2021-02-16 18:46:50"
43,2,48,3,"2021-02-16 18:46:50","2021-02-16 18:46:50"
44,2,40,1,"2021-02-16 18:46:50","2021-02-16 18:46:50"
45,2,51,5,"2021-02-16 18:46:50","2021-02-16 18:46:50"
46,2,61,4,"2021-02-16 18:46:50","2021-02-16 18:46:50"
47,2,28,3,"2021-02-16 18:46:50","2021-02-16 18:46:50"
48,2,62,1,"2021-02-16 18:46:50","2021-02-16 18:46:50"
49,2,20,1,"2021-02-16 18:46:50","2021-02-16 18:46:50"
50,2,1,4,"2021-02-16 18:46:50","2021-02-16 18:46:50"
51,2,8,1,"2021-02-16 18:46:50","2021-02-16 18:46:50"
52,2,11,2,"2021-02-16 18:46:50","2021-02-16 18:46:50"
53,2,50,2,"2021-02-16 18:46:50","2021-02-16 18:46:50"
54,2,47,1,"2021-02-16 18:46:50","2021-02-16 18:46:50"
55,2,33,1,"2021-02-16 18:46:50","2021-02-16 18:46:50"
56,2,57,3,"2021-02-16 18:46:50","2021-02-16 18:46:50"
57,2,7,1,"2021-02-16 18:46:50","2021-02-16 18:46:50"
58,2,19,2,"2021-02-16 18:46:50","2021-02-16 18:46:50"
59,2,17,2,"2021-02-16 18:46:50","2021-02-16 18:46:50"
60,2,9,4,"2021-02-16 18:46:51","2021-02-16 18:46:51"
61,2,3,2,"2021-02-16 18:46:51","2021-02-16 18:46:51"
62,2,38,1,"2021-02-16 18:46:51","2021-02-16 18:46:51"
63,2,13,2,"2021-02-16 18:46:51","2021-02-16 18:46:51"
64,2,22,1,"2021-02-16 18:46:51","2021-02-16 18:46:51"
65,2,44,2,"2021-02-16 18:46:51","2021-02-16 18:46:51"
66,3,18,1,"2021-02-16 18:46:51","2021-02-16 18:46:51"
67,3,56,2,"2021-02-16 18:46:51","2021-02-16 18:46:51"
68,3,37,1,"2021-02-16 18:46:51","2021-02-16 18:46:51"
69,3,27,4,"2021-02-16 18:46:51","2021-02-16 18:46:51"
70,3,59,4,"2021-02-16 18:46:51","2021-02-16 18:46:51"
71,3,38,2,"2021-02-16 18:46:51","2021-02-16 18:46:51"
72,3,42,2,"2021-02-16 18:46:51","2021-02-16 18:46:51"
73,3,22,2,"2021-02-16 18:46:51","2021-02-16 18:46:51"
74,3,2,3,"2021-02-16 18:46:51","2021-02-16 18:46:51"
75,3,44,5,"2021-02-16 18:46:51","2021-02-16 18:46:51"
76,3,54,4,"2021-02-16 18:46:51","2021-02-16 18:46:51"
77,3,61,5,"2021-02-16 18:46:51","2021-02-16 18:46:51"
78,3,8,3,"2021-02-16 18:46:51","2021-02-16 18:46:51"
79,3,12,2,"2021-02-16 18:46:51","2021-02-16 18:46:51"
80,3,47,2,"2021-02-16 18:46:51","2021-02-16 18:46:51"
81,3,40,4,"2021-02-16 18:46:51","2021-02-16 18:46:51"
82,3,5,5,"2021-02-16 18:46:51","2021-02-16 18:46:51"
83,3,49,4,"2021-02-16 18:46:51","2021-02-16 18:46:51"
84,3,10,5,"2021-02-16 18:46:51","2021-02-16 18:46:51"
85,3,57,5,"2021-02-16 18:46:51","2021-02-16 18:46:51"
86,3,4,2,"2021-02-16 18:46:51","2021-02-16 18:46:51"
87,3,26,5,"2021-02-16 18:46:51","2021-02-16 18:46:51"
88,4,31,3,"2021-02-16 18:46:51","2021-02-16 18:46:51"
89,4,35,1,"2021-02-16 18:46:51","2021-02-16 18:46:51"
90,4,19,5,"2021-02-16 18:46:51","2021-02-16 18:46:51"
91,4,57,3,"2021-02-16 18:46:51","2021-02-16 18:46:51"
92,4,3,3,"2021-02-16 18:46:51","2021-02-16 18:46:51"
93,4,53,4,"2021-02-16 18:46:51","2021-02-16 18:46:51"
94,4,40,3,"2021-02-16 18:46:51","2021-02-16 18:46:51"
95,4,17,3,"2021-02-16 18:46:51","2021-02-16 18:46:51"
96,4,13,5,"2021-02-16 18:46:51","2021-02-16 18:46:51"
97,4,45,5,"2021-02-16 18:46:51","2021-02-16 18:46:51"
98,4,16,3,"2021-02-16 18:46:51","2021-02-16 18:46:51"
99,4,10,2,"2021-02-16 18:46:51","2021-02-16 18:46:51"
100,4,66,5,"2021-02-16 18:46:51","2021-02-16 18:46:51"
101,4,7,2,"2021-02-16 18:46:51","2021-02-16 18:46:51"
102,4,20,3,"2021-02-16 18:46:51","2021-02-16 18:46:51"
103,4,1,3,"2021-02-16 18:46:51","2021-02-16 18:46:51"
104,4,27,1,"2021-02-16 18:46:52","2021-02-16 18:46:52"
105,4,59,4,"2021-02-16 18:46:52","2021-02-16 18:46:52"
106,4,67,2,"2021-02-16 18:46:52","2021-02-16 18:46:52"
107,4,36,5,"2021-02-16 18:46:52","2021-02-16 18:46:52"
108,4,26,1,"2021-02-16 18:46:52","2021-02-16 18:46:52"
109,4,64,5,"2021-02-16 18:46:52","2021-02-16 18:46:52"
110,4,51,4,"2021-02-16 18:46:52","2021-02-16 18:46:52"
111,4,21,5,"2021-02-16 18:46:52","2021-02-16 18:46:52"
112,4,34,1,"2021-02-16 18:46:52","2021-02-16 18:46:52"
113,4,28,1,"2021-02-16 18:46:52","2021-02-16 18:46:52"
114,4,65,1,"2021-02-16 18:46:52","2021-02-16 18:46:52"
115,4,61,3,"2021-02-16 18:46:52","2021-02-16 18:46:52"
116,4,29,4,"2021-02-16 18:46:52","2021-02-16 18:46:52"
117,4,9,2,"2021-02-16 18:46:52","2021-02-16 18:46:52"
118,4,15,1,"2021-02-16 18:46:52","2021-02-16 18:46:52"
119,4,24,2,"2021-02-16 18:46:52","2021-02-16 18:46:52"
120,4,56,2,"2021-02-16 18:46:52","2021-02-16 18:46:52"
121,4,43,4,"2021-02-16 18:46:52","2021-02-16 18:46:52"
122,4,48,4,"2021-02-16 18:46:52","2021-02-16 18:46:52"
123,5,34,1,"2021-02-16 18:46:52","2021-02-16 18:46:52"
124,5,36,4,"2021-02-16 18:46:52","2021-02-16 18:46:52"
125,5,4,3,"2021-02-16 18:46:52","2021-02-16 18:46:52"
126,5,28,2,"2021-02-16 18:46:52","2021-02-16 18:46:52"
127,5,12,4,"2021-02-16 18:46:52","2021-02-16 18:46:52"
128,5,53,3,"2021-02-16 18:46:52","2021-02-16 18:46:52"
129,5,22,2,"2021-02-16 18:46:52","2021-02-16 18:46:52"
130,5,48,1,"2021-02-16 18:46:52","2021-02-16 18:46:52"
131,5,43,2,"2021-02-16 18:46:52","2021-02-16 18:46:52"
132,5,25,4,"2021-02-16 18:46:52","2021-02-16 18:46:52"
133,5,13,3,"2021-02-16 18:46:52","2021-02-16 18:46:52"
134,5,1,3,"2021-02-16 18:46:52","2021-02-16 18:46:52"
135,5,6,4,"2021-02-16 18:46:52","2021-02-16 18:46:52"
136,5,42,1,"2021-02-16 18:46:52","2021-02-16 18:46:52"
137,5,21,4,"2021-02-16 18:46:52","2021-02-16 18:46:52"
138,5,33,3,"2021-02-16 18:46:52","2021-02-16 18:46:52"
139,5,54,4,"2021-02-16 18:46:52","2021-02-16 18:46:52"
140,5,5,2,"2021-02-16 18:46:52","2021-02-16 18:46:52"
141,5,30,5,"2021-02-16 18:46:52","2021-02-16 18:46:52"
142,5,60,1,"2021-02-16 18:46:52","2021-02-16 18:46:52"
143,5,8,4,"2021-02-16 18:46:52","2021-02-16 18:46:52"
144,5,44,5,"2021-02-16 18:46:52","2021-02-16 18:46:52"
145,5,10,3,"2021-02-16 18:46:52","2021-02-16 18:46:52"
146,5,67,4,"2021-02-16 18:46:52","2021-02-16 18:46:52"
147,5,20,2,"2021-02-16 18:46:52","2021-02-16 18:46:52"
148,5,64,4,"2021-02-16 18:46:52","2021-02-16 18:46:52"
149,6,8,4,"2021-02-16 18:46:53","2021-02-16 18:46:53"
150,6,66,4,"2021-02-16 18:46:53","2021-02-16 18:46:53"
151,6,17,1,"2021-02-16 18:46:53","2021-02-16 18:46:53"
152,6,24,1,"2021-02-16 18:46:53","2021-02-16 18:46:53"
153,6,20,1,"2021-02-16 18:46:53","2021-02-16 18:46:53"
154,6,27,1,"2021-02-16 18:46:53","2021-02-16 18:46:53"
155,6,6,1,"2021-02-16 18:46:53","2021-02-16 18:46:53"
156,6,47,4,"2021-02-16 18:46:53","2021-02-16 18:46:53"
157,7,48,3,"2021-02-16 18:46:53","2021-02-16 18:46:53"
158,7,31,5,"2021-02-16 18:46:53","2021-02-16 18:46:53"
159,7,24,2,"2021-02-16 18:46:53","2021-02-16 18:46:53"
160,7,12,1,"2021-02-16 18:46:53","2021-02-16 18:46:53"
161,7,2,1,"2021-02-16 18:46:53","2021-02-16 18:46:53"
162,7,20,4,"2021-02-16 18:46:53","2021-02-16 18:46:53"
163,7,15,1,"2021-02-16 18:46:53","2021-02-16 18:46:53"
164,7,42,5,"2021-02-16 18:46:53","2021-02-16 18:46:53"
165,7,41,1,"2021-02-16 18:46:53","2021-02-16 18:46:53"
166,7,39,3,"2021-02-16 18:46:53","2021-02-16 18:46:53"
167,7,44,3,"2021-02-16 18:46:53","2021-02-16 18:46:53"
168,7,11,2,"2021-02-16 18:46:53","2021-02-16 18:46:53"
169,7,57,3,"2021-02-16 18:46:53","2021-02-16 18:46:53"
170,7,50,3,"2021-02-16 18:46:53","2021-02-16 18:46:53"
171,7,32,1,"2021-02-16 18:46:53","2021-02-16 18:46:53"
172,7,62,1,"2021-02-16 18:46:53","2021-02-16 18:46:53"
173,7,19,1,"2021-02-16 18:46:53","2021-02-16 18:46:53"
174,7,33,2,"2021-02-16 18:46:53","2021-02-16 18:46:53"
175,7,53,1,"2021-02-16 18:46:53","2021-02-16 18:46:53"
176,7,36,2,"2021-02-16 18:46:53","2021-02-16 18:46:53"
177,7,5,2,"2021-02-16 18:46:53","2021-02-16 18:46:53"
178,8,26,1,"2021-02-16 18:46:53","2021-02-16 18:46:53"
179,8,60,5,"2021-02-16 18:46:53","2021-02-16 18:46:53"
180,8,62,1,"2021-02-16 18:46:53","2021-02-16 18:46:53"
181,8,41,3,"2021-02-16 18:46:53","2021-02-16 18:46:53"
182,8,50,5,"2021-02-16 18:46:53","2021-02-16 18:46:53"
183,8,22,5,"2021-02-16 18:46:53","2021-02-16 18:46:53"
184,8,10,2,"2021-02-16 18:46:53","2021-02-16 18:46:53"
185,8,16,2,"2021-02-16 18:46:53","2021-02-16 18:46:53"
186,8,61,4,"2021-02-16 18:46:53","2021-02-16 18:46:53"
187,8,56,5,"2021-02-16 18:46:53","2021-02-16 18:46:53"
188,8,18,2,"2021-02-16 18:46:53","2021-02-16 18:46:53"
189,8,57,3,"2021-02-16 18:46:53","2021-02-16 18:46:53"
190,8,6,5,"2021-02-16 18:46:53","2021-02-16 18:46:53"
191,8,11,2,"2021-02-16 18:46:53","2021-02-16 18:46:53"
192,8,1,4,"2021-02-16 18:46:53","2021-02-16 18:46:53"
193,8,39,2,"2021-02-16 18:46:53","2021-02-16 18:46:53"
194,8,4,4,"2021-02-16 18:46:54","2021-02-16 18:46:54"
195,8,55,3,"2021-02-16 18:46:54","2021-02-16 18:46:54"
196,8,25,5,"2021-02-16 18:46:54","2021-02-16 18:46:54"
197,8,67,3,"2021-02-16 18:46:54","2021-02-16 18:46:54"
198,8,47,5,"2021-02-16 18:46:54","2021-02-16 18:46:54"
199,8,42,2,"2021-02-16 18:46:54","2021-02-16 18:46:54"
200,8,7,4,"2021-02-16 18:46:54","2021-02-16 18:46:54"
201,8,29,3,"2021-02-16 18:46:54","2021-02-16 18:46:54"
202,8,14,5,"2021-02-16 18:46:54","2021-02-16 18:46:54"
203,8,37,1,"2021-02-16 18:46:54","2021-02-16 18:46:54"
204,8,17,3,"2021-02-16 18:46:54","2021-02-16 18:46:54"
205,8,66,3,"2021-02-16 18:46:54","2021-02-16 18:46:54"
206,8,19,1,"2021-02-16 18:46:54","2021-02-16 18:46:54"
207,8,46,1,"2021-02-16 18:46:54","2021-02-16 18:46:54"
208,8,23,5,"2021-02-16 18:46:54","2021-02-16 18:46:54"
209,8,36,3,"2021-02-16 18:46:54","2021-02-16 18:46:54"
210,8,15,1,"2021-02-16 18:46:54","2021-02-16 18:46:54"
211,8,33,1,"2021-02-16 18:46:54","2021-02-16 18:46:54"
212,8,40,1,"2021-02-16 18:46:54","2021-02-16 18:46:54"
213,8,63,2,"2021-02-16 18:46:54","2021-02-16 18:46:54"
214,8,31,2,"2021-02-16 18:46:54","2021-02-16 18:46:54"
215,8,53,3,"2021-02-16 18:46:54","2021-02-16 18:46:54"
216,8,12,5,"2021-02-16 18:46:54","2021-02-16 18:46:54"
217,8,9,1,"2021-02-16 18:46:54","2021-02-16 18:46:54"
218,8,65,2,"2021-02-16 18:46:54","2021-02-16 18:46:54"
219,8,30,4,"2021-02-16 18:46:54","2021-02-16 18:46:54"
220,9,9,4,"2021-02-16 18:46:54","2021-02-16 18:46:54"
221,9,12,1,"2021-02-16 18:46:54","2021-02-16 18:46:54"
222,9,53,3,"2021-02-16 18:46:54","2021-02-16 18:46:54"
223,9,66,2,"2021-02-16 18:46:54","2021-02-16 18:46:54"
224,9,1,4,"2021-02-16 18:46:54","2021-02-16 18:46:54"
225,9,65,1,"2021-02-16 18:46:54","2021-02-16 18:46:54"
226,9,16,1,"2021-02-16 18:46:54","2021-02-16 18:46:54"
227,9,45,5,"2021-02-16 18:46:54","2021-02-16 18:46:54"
228,9,11,3,"2021-02-16 18:46:54","2021-02-16 18:46:54"
229,9,54,4,"2021-02-16 18:46:54","2021-02-16 18:46:54"
230,9,4,1,"2021-02-16 18:46:54","2021-02-16 18:46:54"
231,9,34,5,"2021-02-16 18:46:54","2021-02-16 18:46:54"
232,9,23,3,"2021-02-16 18:46:54","2021-02-16 18:46:54"
233,9,28,2,"2021-02-16 18:46:54","2021-02-16 18:46:54"
234,9,46,3,"2021-02-16 18:46:54","2021-02-16 18:46:54"
235,9,2,2,"2021-02-16 18:46:54","2021-02-16 18:46:54"
236,9,29,1,"2021-02-16 18:46:54","2021-02-16 18:46:54"
237,9,30,3,"2021-02-16 18:46:54","2021-02-16 18:46:54"
238,9,22,3,"2021-02-16 18:46:54","2021-02-16 18:46:54"
239,9,32,4,"2021-02-16 18:46:54","2021-02-16 18:46:54"
240,9,19,3,"2021-02-16 18:46:55","2021-02-16 18:46:55"
241,10,8,1,"2021-02-16 18:46:55","2021-02-16 18:46:55"
242,10,41,1,"2021-02-16 18:46:55","2021-02-16 18:46:55"
243,10,65,3,"2021-02-16 18:46:55","2021-02-16 18:46:55"
244,10,7,5,"2021-02-16 18:46:55","2021-02-16 18:46:55"
245,10,44,3,"2021-02-16 18:46:55","2021-02-16 18:46:55"
246,10,52,4,"2021-02-16 18:46:55","2021-02-16 18:46:55"
247,10,2,1,"2021-02-16 18:46:55","2021-02-16 18:46:55"
248,10,20,1,"2021-02-16 18:46:55","2021-02-16 18:46:55"
249,10,11,5,"2021-02-16 18:46:55","2021-02-16 18:46:55"
250,10,19,3,"2021-02-16 18:46:55","2021-02-16 18:46:55"
251,10,57,5,"2021-02-16 18:46:55","2021-02-16 18:46:55"
252,10,38,3,"2021-02-16 18:46:55","2021-02-16 18:46:55"
253,10,61,4,"2021-02-16 18:46:55","2021-02-16 18:46:55"
254,10,5,3,"2021-02-16 18:46:55","2021-02-16 18:46:55"
255,10,35,4,"2021-02-16 18:46:55","2021-02-16 18:46:55"
256,10,25,2,"2021-02-16 18:46:55","2021-02-16 18:46:55"
257,10,42,1,"2021-02-16 18:46:55","2021-02-16 18:46:55"
258,10,64,2,"2021-02-16 18:46:55","2021-02-16 18:46:55"
259,10,55,1,"2021-02-16 18:46:55","2021-02-16 18:46:55"
260,10,58,4,"2021-02-16 18:46:55","2021-02-16 18:46:55"
261,10,53,1,"2021-02-16 18:46:55","2021-02-16 18:46:55"
262,10,56,2,"2021-02-16 18:46:55","2021-02-16 18:46:55"
263,10,23,1,"2021-02-16 18:46:55","2021-02-16 18:46:55"
264,10,46,4,"2021-02-16 18:46:55","2021-02-16 18:46:55"
265,10,48,3,"2021-02-16 18:46:55","2021-02-16 18:46:55"
266,10,15,5,"2021-02-16 18:46:55","2021-02-16 18:46:55"
267,10,33,1,"2021-02-16 18:46:55","2021-02-16 18:46:55"
268,10,37,4,"2021-02-16 18:46:55","2021-02-16 18:46:55"
269,10,47,4,"2021-02-16 18:46:55","2021-02-16 18:46:55"
270,10,40,4,"2021-02-16 18:46:55","2021-02-16 18:46:55"
271,10,34,2,"2021-02-16 18:46:55","2021-02-16 18:46:55"
272,10,17,1,"2021-02-16 18:46:55","2021-02-16 18:46:55"
273,10,45,3,"2021-02-16 18:46:55","2021-02-16 18:46:55"
274,10,1,5,"2021-02-16 18:46:55","2021-02-16 18:46:55"
275,10,32,5,"2021-02-16 18:46:55","2021-02-16 18:46:55"
276,10,18,1,"2021-02-16 18:46:55","2021-02-16 18:46:55"
277,10,39,3,"2021-02-16 18:46:55","2021-02-16 18:46:55"
278,10,27,5,"2021-02-16 18:46:55","2021-02-16 18:46:55"
279,10,29,4,"2021-02-16 18:46:55","2021-02-16 18:46:55"
280,10,3,5,"2021-02-16 18:46:55","2021-02-16 18:46:55"
281,10,49,2,"2021-02-16 18:46:55","2021-02-16 18:46:55"
282,10,26,3,"2021-02-16 18:46:55","2021-02-16 18:46:55"
283,10,36,4,"2021-02-16 18:46:55","2021-02-16 18:46:55"
284,10,54,4,"2021-02-16 18:46:55","2021-02-16 18:46:55"
285,10,21,4,"2021-02-16 18:46:56","2021-02-16 18:46:56"
286,10,43,1,"2021-02-16 18:46:56","2021-02-16 18:46:56"
287,10,13,1,"2021-02-16 18:46:56","2021-02-16 18:46:56"
288,10,60,4,"2021-02-16 18:46:56","2021-02-16 18:46:56"
289,10,6,2,"2021-02-16 18:46:56","2021-02-16 18:46:56"
290,10,62,3,"2021-02-16 18:46:56","2021-02-16 18:46:56"
291,10,63,5,"2021-02-16 18:46:56","2021-02-16 18:46:56"
292,10,14,4,"2021-02-16 18:46:56","2021-02-16 18:46:56"
293,10,24,1,"2021-02-16 18:46:56","2021-02-16 18:46:56"
294,10,67,1,"2021-02-16 18:46:56","2021-02-16 18:46:56"
295,10,51,1,"2021-02-16 18:46:56","2021-02-16 18:46:56"
296,10,9,5,"2021-02-16 18:46:56","2021-02-16 18:46:56"
297,10,50,3,"2021-02-16 18:46:56","2021-02-16 18:46:56"
298,10,12,4,"2021-02-16 18:46:56","2021-02-16 18:46:56"
299,10,66,4,"2021-02-16 18:46:56","2021-02-16 18:46:56"
300,10,4,3,"2021-02-16 18:46:56","2021-02-16 18:46:56"
301,10,10,2,"2021-02-16 18:46:56","2021-02-16 18:46:56"
302,10,22,1,"2021-02-16 18:46:56","2021-02-16 18:46:56"
303,10,59,3,"2021-02-16 18:46:56","2021-02-16 18:46:56"
304,11,3,3,"2021-02-16 18:46:56","2021-02-16 18:46:56"
305,11,38,3,"2021-02-16 18:46:56","2021-02-16 18:46:56"
306,11,8,4,"2021-02-16 18:46:56","2021-02-16 18:46:56"
307,11,55,5,"2021-02-16 18:46:56","2021-02-16 18:46:56"
308,11,5,2,"2021-02-16 18:46:56","2021-02-16 18:46:56"
309,11,57,5,"2021-02-16 18:46:56","2021-02-16 18:46:56"
310,11,35,3,"2021-02-16 18:46:56","2021-02-16 18:46:56"
311,11,6,4,"2021-02-16 18:46:56","2021-02-16 18:46:56"
312,11,45,5,"2021-02-16 18:46:56","2021-02-16 18:46:56"
313,11,14,3,"2021-02-16 18:46:56","2021-02-16 18:46:56"
314,11,52,3,"2021-02-16 18:46:56","2021-02-16 18:46:56"
315,11,61,2,"2021-02-16 18:46:56","2021-02-16 18:46:56"
316,11,51,4,"2021-02-16 18:46:56","2021-02-16 18:46:56"
317,11,7,3,"2021-02-16 18:46:56","2021-02-16 18:46:56"
318,11,40,5,"2021-02-16 18:46:56","2021-02-16 18:46:56"
319,11,64,4,"2021-02-16 18:46:56","2021-02-16 18:46:56"
320,11,59,5,"2021-02-16 18:46:56","2021-02-16 18:46:56"
321,11,16,2,"2021-02-16 18:46:56","2021-02-16 18:46:56"
322,11,36,1,"2021-02-16 18:46:56","2021-02-16 18:46:56"
323,11,11,1,"2021-02-16 18:46:56","2021-02-16 18:46:56"
324,11,44,4,"2021-02-16 18:46:56","2021-02-16 18:46:56"
325,11,58,1,"2021-02-16 18:46:56","2021-02-16 18:46:56"
326,11,53,2,"2021-02-16 18:46:56","2021-02-16 18:46:56"
327,11,31,5,"2021-02-16 18:46:56","2021-02-16 18:46:56"
328,11,60,5,"2021-02-16 18:46:56","2021-02-16 18:46:56"
329,11,46,5,"2021-02-16 18:46:56","2021-02-16 18:46:56"
330,11,42,1,"2021-02-16 18:46:57","2021-02-16 18:46:57"
331,11,23,4,"2021-02-16 18:46:57","2021-02-16 18:46:57"
332,11,18,3,"2021-02-16 18:46:57","2021-02-16 18:46:57"
333,11,67,5,"2021-02-16 18:46:57","2021-02-16 18:46:57"
334,11,26,4,"2021-02-16 18:46:57","2021-02-16 18:46:57"
335,11,48,4,"2021-02-16 18:46:57","2021-02-16 18:46:57"
336,11,19,3,"2021-02-16 18:46:57","2021-02-16 18:46:57"
337,11,66,4,"2021-02-16 18:46:57","2021-02-16 18:46:57"
338,11,27,3,"2021-02-16 18:46:57","2021-02-16 18:46:57"
339,11,29,5,"2021-02-16 18:46:57","2021-02-16 18:46:57"
340,11,32,3,"2021-02-16 18:46:57","2021-02-16 18:46:57"
341,11,63,2,"2021-02-16 18:46:57","2021-02-16 18:46:57"
342,11,20,1,"2021-02-16 18:46:57","2021-02-16 18:46:57"
343,11,22,4,"2021-02-16 18:46:57","2021-02-16 18:46:57"
344,11,9,5,"2021-02-16 18:46:57","2021-02-16 18:46:57"
345,12,7,5,"2021-02-16 18:46:57","2021-02-16 18:46:57"
346,12,22,1,"2021-02-16 18:46:57","2021-02-16 18:46:57"
347,12,65,2,"2021-02-16 18:46:57","2021-02-16 18:46:57"
348,12,60,2,"2021-02-16 18:46:57","2021-02-16 18:46:57"
349,12,45,3,"2021-02-16 18:46:57","2021-02-16 18:46:57"
350,12,28,5,"2021-02-16 18:46:57","2021-02-16 18:46:57"
351,12,62,2,"2021-02-16 18:46:57","2021-02-16 18:46:57"
352,12,17,2,"2021-02-16 18:46:57","2021-02-16 18:46:57"
353,12,50,5,"2021-02-16 18:46:57","2021-02-16 18:46:57"
354,12,5,1,"2021-02-16 18:46:57","2021-02-16 18:46:57"
355,12,61,2,"2021-02-16 18:46:57","2021-02-16 18:46:57"
356,12,44,5,"2021-02-16 18:46:57","2021-02-16 18:46:57"
357,12,56,3,"2021-02-16 18:46:57","2021-02-16 18:46:57"
358,12,43,2,"2021-02-16 18:46:57","2021-02-16 18:46:57"
359,12,8,1,"2021-02-16 18:46:57","2021-02-16 18:46:57"
360,12,48,3,"2021-02-16 18:46:57","2021-02-16 18:46:57"
361,12,6,5,"2021-02-16 18:46:57","2021-02-16 18:46:57"
362,12,37,4,"2021-02-16 18:46:57","2021-02-16 18:46:57"
363,12,54,5,"2021-02-16 18:46:57","2021-02-16 18:46:57"
364,12,59,5,"2021-02-16 18:46:57","2021-02-16 18:46:57"
365,12,30,5,"2021-02-16 18:46:57","2021-02-16 18:46:57"
366,12,14,2,"2021-02-16 18:46:57","2021-02-16 18:46:57"
367,12,40,5,"2021-02-16 18:46:57","2021-02-16 18:46:57"
368,12,12,2,"2021-02-16 18:46:57","2021-02-16 18:46:57"
369,13,14,3,"2021-02-16 18:46:57","2021-02-16 18:46:57"
370,13,45,4,"2021-02-16 18:46:57","2021-02-16 18:46:57"
371,13,1,1,"2021-02-16 18:46:57","2021-02-16 18:46:57"
372,13,5,1,"2021-02-16 18:46:57","2021-02-16 18:46:57"
373,13,60,3,"2021-02-16 18:46:57","2021-02-16 18:46:57"
374,13,40,1,"2021-02-16 18:46:57","2021-02-16 18:46:57"
375,13,38,1,"2021-02-16 18:46:57","2021-02-16 18:46:57"
376,13,4,1,"2021-02-16 18:46:58","2021-02-16 18:46:58"
377,13,30,1,"2021-02-16 18:46:58","2021-02-16 18:46:58"
378,13,49,4,"2021-02-16 18:46:58","2021-02-16 18:46:58"
379,13,34,1,"2021-02-16 18:46:58","2021-02-16 18:46:58"
380,13,50,4,"2021-02-16 18:46:58","2021-02-16 18:46:58"
381,13,58,1,"2021-02-16 18:46:58","2021-02-16 18:46:58"
382,13,19,1,"2021-02-16 18:46:58","2021-02-16 18:46:58"
383,13,53,3,"2021-02-16 18:46:58","2021-02-16 18:46:58"
384,13,25,2,"2021-02-16 18:46:58","2021-02-16 18:46:58"
385,13,7,3,"2021-02-16 18:46:58","2021-02-16 18:46:58"
386,13,27,5,"2021-02-16 18:46:58","2021-02-16 18:46:58"
387,13,51,2,"2021-02-16 18:46:58","2021-02-16 18:46:58"
388,13,11,2,"2021-02-16 18:46:58","2021-02-16 18:46:58"
389,13,57,3,"2021-02-16 18:46:58","2021-02-16 18:46:58"
390,13,29,5,"2021-02-16 18:46:58","2021-02-16 18:46:58"
391,13,24,5,"2021-02-16 18:46:58","2021-02-16 18:46:58"
392,13,66,4,"2021-02-16 18:46:58","2021-02-16 18:46:58"
393,13,17,3,"2021-02-16 18:46:58","2021-02-16 18:46:58"
394,13,16,1,"2021-02-16 18:46:58","2021-02-16 18:46:58"
395,13,47,5,"2021-02-16 18:46:58","2021-02-16 18:46:58"
396,13,43,5,"2021-02-16 18:46:58","2021-02-16 18:46:58"
397,13,36,2,"2021-02-16 18:46:58","2021-02-16 18:46:58"
398,13,20,1,"2021-02-16 18:46:58","2021-02-16 18:46:58"
399,13,56,4,"2021-02-16 18:46:58","2021-02-16 18:46:58"
400,13,31,2,"2021-02-16 18:46:58","2021-02-16 18:46:58"
401,13,32,5,"2021-02-16 18:46:58","2021-02-16 18:46:58"
402,13,2,5,"2021-02-16 18:46:58","2021-02-16 18:46:58"
403,13,64,5,"2021-02-16 18:46:58","2021-02-16 18:46:58"
404,13,6,2,"2021-02-16 18:46:58","2021-02-16 18:46:58"
405,13,12,5,"2021-02-16 18:46:58","2021-02-16 18:46:58"
406,13,39,5,"2021-02-16 18:46:58","2021-02-16 18:46:58"
407,13,28,1,"2021-02-16 18:46:58","2021-02-16 18:46:58"
408,13,9,3,"2021-02-16 18:46:58","2021-02-16 18:46:58"
409,13,63,2,"2021-02-16 18:46:58","2021-02-16 18:46:58"
410,13,21,2,"2021-02-16 18:46:58","2021-02-16 18:46:58"
411,13,26,4,"2021-02-16 18:46:58","2021-02-16 18:46:58"
412,13,48,3,"2021-02-16 18:46:58","2021-02-16 18:46:58"
413,13,10,3,"2021-02-16 18:46:58","2021-02-16 18:46:58"
414,13,8,5,"2021-02-16 18:46:58","2021-02-16 18:46:58"
415,13,65,1,"2021-02-16 18:46:58","2021-02-16 18:46:58"
416,13,3,1,"2021-02-16 18:46:58","2021-02-16 18:46:58"
417,13,23,5,"2021-02-16 18:46:58","2021-02-16 18:46:58"
418,13,61,1,"2021-02-16 18:46:58","2021-02-16 18:46:58"
419,13,42,2,"2021-02-16 18:46:58","2021-02-16 18:46:58"
420,13,44,2,"2021-02-16 18:46:58","2021-02-16 18:46:58"
421,13,59,3,"2021-02-16 18:46:59","2021-02-16 18:46:59"
422,13,55,4,"2021-02-16 18:46:59","2021-02-16 18:46:59"
423,13,15,2,"2021-02-16 18:46:59","2021-02-16 18:46:59"
424,13,18,4,"2021-02-16 18:46:59","2021-02-16 18:46:59"
425,13,22,1,"2021-02-16 18:46:59","2021-02-16 18:46:59"
426,14,42,1,"2021-02-16 18:46:59","2021-02-16 18:46:59"
427,14,40,3,"2021-02-16 18:46:59","2021-02-16 18:46:59"
428,14,58,2,"2021-02-16 18:46:59","2021-02-16 18:46:59"
429,14,25,5,"2021-02-16 18:46:59","2021-02-16 18:46:59"
430,14,55,2,"2021-02-16 18:46:59","2021-02-16 18:46:59"
431,14,49,1,"2021-02-16 18:46:59","2021-02-16 18:46:59"
432,14,60,2,"2021-02-16 18:46:59","2021-02-16 18:46:59"
433,14,19,4,"2021-02-16 18:46:59","2021-02-16 18:46:59"
434,14,3,2,"2021-02-16 18:46:59","2021-02-16 18:46:59"
435,14,18,2,"2021-02-16 18:46:59","2021-02-16 18:46:59"
436,14,22,2,"2021-02-16 18:46:59","2021-02-16 18:46:59"
437,14,57,2,"2021-02-16 18:46:59","2021-02-16 18:46:59"
438,14,67,4,"2021-02-16 18:46:59","2021-02-16 18:46:59"
439,14,10,5,"2021-02-16 18:46:59","2021-02-16 18:46:59"
440,14,15,3,"2021-02-16 18:46:59","2021-02-16 18:46:59"
441,14,46,1,"2021-02-16 18:46:59","2021-02-16 18:46:59"
442,14,33,3,"2021-02-16 18:46:59","2021-02-16 18:46:59"
443,14,53,4,"2021-02-16 18:46:59","2021-02-16 18:46:59"
444,14,23,1,"2021-02-16 18:46:59","2021-02-16 18:46:59"
445,14,13,2,"2021-02-16 18:46:59","2021-02-16 18:46:59"
446,14,34,1,"2021-02-16 18:46:59","2021-02-16 18:46:59"
447,14,21,3,"2021-02-16 18:46:59","2021-02-16 18:46:59"
448,14,51,1,"2021-02-16 18:46:59","2021-02-16 18:46:59"
449,14,12,1,"2021-02-16 18:46:59","2021-02-16 18:46:59"
450,14,45,1,"2021-02-16 18:46:59","2021-02-16 18:46:59"
451,14,11,5,"2021-02-16 18:46:59","2021-02-16 18:46:59"
452,14,37,1,"2021-02-16 18:46:59","2021-02-16 18:46:59"
453,14,48,1,"2021-02-16 18:46:59","2021-02-16 18:46:59"
454,14,4,3,"2021-02-16 18:46:59","2021-02-16 18:46:59"
455,14,29,2,"2021-02-16 18:46:59","2021-02-16 18:46:59"
456,14,44,1,"2021-02-16 18:46:59","2021-02-16 18:46:59"
457,14,2,5,"2021-02-16 18:46:59","2021-02-16 18:46:59"
458,14,28,3,"2021-02-16 18:46:59","2021-02-16 18:46:59"
459,14,39,4,"2021-02-16 18:46:59","2021-02-16 18:46:59"
460,14,65,1,"2021-02-16 18:46:59","2021-02-16 18:46:59"
461,14,9,1,"2021-02-16 18:46:59","2021-02-16 18:46:59"
462,14,54,1,"2021-02-16 18:46:59","2021-02-16 18:46:59"
463,14,62,2,"2021-02-16 18:46:59","2021-02-16 18:46:59"
464,14,66,2,"2021-02-16 18:46:59","2021-02-16 18:46:59"
465,14,17,5,"2021-02-16 18:46:59","2021-02-16 18:46:59"
466,14,20,3,"2021-02-16 18:47:00","2021-02-16 18:47:00"
467,14,64,4,"2021-02-16 18:47:00","2021-02-16 18:47:00"
468,14,50,2,"2021-02-16 18:47:00","2021-02-16 18:47:00"
469,14,5,5,"2021-02-16 18:47:00","2021-02-16 18:47:00"
470,14,41,2,"2021-02-16 18:47:00","2021-02-16 18:47:00"
471,14,24,5,"2021-02-16 18:47:00","2021-02-16 18:47:00"
472,14,38,5,"2021-02-16 18:47:00","2021-02-16 18:47:00"
473,14,32,5,"2021-02-16 18:47:00","2021-02-16 18:47:00"
474,14,16,1,"2021-02-16 18:47:00","2021-02-16 18:47:00"
475,14,26,5,"2021-02-16 18:47:00","2021-02-16 18:47:00"
476,14,61,2,"2021-02-16 18:47:00","2021-02-16 18:47:00"
477,14,1,5,"2021-02-16 18:47:00","2021-02-16 18:47:00"
478,14,36,3,"2021-02-16 18:47:00","2021-02-16 18:47:00"
479,14,59,3,"2021-02-16 18:47:00","2021-02-16 18:47:00"
480,14,27,4,"2021-02-16 18:47:00","2021-02-16 18:47:00"
481,14,8,3,"2021-02-16 18:47:00","2021-02-16 18:47:00"
482,14,6,4,"2021-02-16 18:47:00","2021-02-16 18:47:00"
483,14,30,5,"2021-02-16 18:47:00","2021-02-16 18:47:00"
484,14,52,1,"2021-02-16 18:47:00","2021-02-16 18:47:00"
485,14,7,4,"2021-02-16 18:47:00","2021-02-16 18:47:00"
486,14,47,5,"2021-02-16 18:47:00","2021-02-16 18:47:00"
487,14,56,3,"2021-02-16 18:47:00","2021-02-16 18:47:00"
488,15,20,1,"2021-02-16 18:47:00","2021-02-16 18:47:00"
489,15,12,3,"2021-02-16 18:47:00","2021-02-16 18:47:00"
490,15,54,3,"2021-02-16 18:47:00","2021-02-16 18:47:00"
491,15,27,3,"2021-02-16 18:47:00","2021-02-16 18:47:00"
492,15,66,1,"2021-02-16 18:47:00","2021-02-16 18:47:00"
493,15,40,3,"2021-02-16 18:47:00","2021-02-16 18:47:00"
494,15,49,3,"2021-02-16 18:47:00","2021-02-16 18:47:00"
495,15,61,3,"2021-02-16 18:47:00","2021-02-16 18:47:00"
496,15,35,2,"2021-02-16 18:47:00","2021-02-16 18:47:00"
497,15,4,5,"2021-02-16 18:47:00","2021-02-16 18:47:00"
498,15,14,2,"2021-02-16 18:47:00","2021-02-16 18:47:00"
499,15,6,3,"2021-02-16 18:47:00","2021-02-16 18:47:00"
500,15,57,4,"2021-02-16 18:47:00","2021-02-16 18:47:00"
501,15,36,2,"2021-02-16 18:47:00","2021-02-16 18:47:00"
502,15,5,5,"2021-02-16 18:47:00","2021-02-16 18:47:00"
503,15,2,3,"2021-02-16 18:47:00","2021-02-16 18:47:00"
504,15,26,2,"2021-02-16 18:47:00","2021-02-16 18:47:00"
505,15,11,1,"2021-02-16 18:47:00","2021-02-16 18:47:00"
506,15,30,4,"2021-02-16 18:47:00","2021-02-16 18:47:00"
507,15,55,1,"2021-02-16 18:47:00","2021-02-16 18:47:00"
508,15,56,3,"2021-02-16 18:47:00","2021-02-16 18:47:00"
509,15,17,1,"2021-02-16 18:47:00","2021-02-16 18:47:00"
510,15,29,4,"2021-02-16 18:47:00","2021-02-16 18:47:00"
511,15,64,1,"2021-02-16 18:47:01","2021-02-16 18:47:01"
512,15,43,1,"2021-02-16 18:47:01","2021-02-16 18:47:01"
513,15,58,1,"2021-02-16 18:47:01","2021-02-16 18:47:01"
514,15,33,1,"2021-02-16 18:47:01","2021-02-16 18:47:01"
515,15,3,5,"2021-02-16 18:47:01","2021-02-16 18:47:01"
516,15,34,4,"2021-02-16 18:47:01","2021-02-16 18:47:01"
517,15,46,4,"2021-02-16 18:47:01","2021-02-16 18:47:01"
518,15,48,3,"2021-02-16 18:47:01","2021-02-16 18:47:01"
519,15,44,4,"2021-02-16 18:47:01","2021-02-16 18:47:01"
520,16,45,2,"2021-02-16 18:47:01","2021-02-16 18:47:01"
521,16,64,4,"2021-02-16 18:47:01","2021-02-16 18:47:01"
522,16,61,1,"2021-02-16 18:47:01","2021-02-16 18:47:01"
523,16,2,4,"2021-02-16 18:47:01","2021-02-16 18:47:01"
524,16,41,4,"2021-02-16 18:47:01","2021-02-16 18:47:01"
525,16,33,3,"2021-02-16 18:47:01","2021-02-16 18:47:01"
526,16,5,2,"2021-02-16 18:47:01","2021-02-16 18:47:01"
527,16,35,1,"2021-02-16 18:47:01","2021-02-16 18:47:01"
528,16,65,5,"2021-02-16 18:47:01","2021-02-16 18:47:01"
529,16,18,3,"2021-02-16 18:47:01","2021-02-16 18:47:01"
530,16,43,5,"2021-02-16 18:47:01","2021-02-16 18:47:01"
531,16,24,4,"2021-02-16 18:47:01","2021-02-16 18:47:01"
532,16,15,5,"2021-02-16 18:47:01","2021-02-16 18:47:01"
533,16,59,3,"2021-02-16 18:47:01","2021-02-16 18:47:01"
534,16,28,3,"2021-02-16 18:47:01","2021-02-16 18:47:01"
535,16,53,5,"2021-02-16 18:47:01","2021-02-16 18:47:01"
536,16,40,2,"2021-02-16 18:47:01","2021-02-16 18:47:01"
537,16,29,5,"2021-02-16 18:47:01","2021-02-16 18:47:01"
538,16,47,2,"2021-02-16 18:47:01","2021-02-16 18:47:01"
539,16,42,5,"2021-02-16 18:47:01","2021-02-16 18:47:01"
540,16,38,3,"2021-02-16 18:47:01","2021-02-16 18:47:01"
541,16,21,3,"2021-02-16 18:47:01","2021-02-16 18:47:01"
542,16,36,3,"2021-02-16 18:47:01","2021-02-16 18:47:01"
543,16,13,5,"2021-02-16 18:47:01","2021-02-16 18:47:01"
544,16,3,4,"2021-02-16 18:47:01","2021-02-16 18:47:01"
545,17,43,1,"2021-02-16 18:47:01","2021-02-16 18:47:01"
546,17,34,3,"2021-02-16 18:47:01","2021-02-16 18:47:01"
547,17,59,5,"2021-02-16 18:47:01","2021-02-16 18:47:01"
548,17,22,5,"2021-02-16 18:47:01","2021-02-16 18:47:01"
549,17,65,5,"2021-02-16 18:47:01","2021-02-16 18:47:01"
550,17,55,4,"2021-02-16 18:47:01","2021-02-16 18:47:01"
551,17,29,3,"2021-02-16 18:47:01","2021-02-16 18:47:01"
552,17,62,4,"2021-02-16 18:47:01","2021-02-16 18:47:01"
553,17,12,5,"2021-02-16 18:47:01","2021-02-16 18:47:01"
554,17,36,5,"2021-02-16 18:47:01","2021-02-16 18:47:01"
555,17,18,5,"2021-02-16 18:47:01","2021-02-16 18:47:01"
556,17,3,2,"2021-02-16 18:47:01","2021-02-16 18:47:01"
557,17,44,5,"2021-02-16 18:47:01","2021-02-16 18:47:01"
558,17,61,1,"2021-02-16 18:47:02","2021-02-16 18:47:02"
559,17,1,5,"2021-02-16 18:47:02","2021-02-16 18:47:02"
560,17,63,2,"2021-02-16 18:47:02","2021-02-16 18:47:02"
561,17,11,3,"2021-02-16 18:47:02","2021-02-16 18:47:02"
562,17,2,3,"2021-02-16 18:47:02","2021-02-16 18:47:02"
563,17,25,1,"2021-02-16 18:47:02","2021-02-16 18:47:02"
564,17,21,1,"2021-02-16 18:47:02","2021-02-16 18:47:02"
565,17,23,3,"2021-02-16 18:47:02","2021-02-16 18:47:02"
566,17,26,5,"2021-02-16 18:47:02","2021-02-16 18:47:02"
567,17,49,4,"2021-02-16 18:47:02","2021-02-16 18:47:02"
568,17,16,1,"2021-02-16 18:47:02","2021-02-16 18:47:02"
569,17,19,5,"2021-02-16 18:47:02","2021-02-16 18:47:02"
570,17,8,2,"2021-02-16 18:47:02","2021-02-16 18:47:02"
571,17,24,4,"2021-02-16 18:47:02","2021-02-16 18:47:02"
572,17,50,3,"2021-02-16 18:47:02","2021-02-16 18:47:02"
573,17,52,3,"2021-02-16 18:47:02","2021-02-16 18:47:02"
574,17,46,1,"2021-02-16 18:47:02","2021-02-16 18:47:02"
575,17,51,1,"2021-02-16 18:47:02","2021-02-16 18:47:02"
576,17,38,4,"2021-02-16 18:47:02","2021-02-16 18:47:02"
577,17,56,4,"2021-02-16 18:47:02","2021-02-16 18:47:02"
578,17,32,5,"2021-02-16 18:47:02","2021-02-16 18:47:02"
579,17,15,4,"2021-02-16 18:47:02","2021-02-16 18:47:02"
580,17,64,1,"2021-02-16 18:47:02","2021-02-16 18:47:02"
581,17,67,1,"2021-02-16 18:47:02","2021-02-16 18:47:02"
582,17,27,2,"2021-02-16 18:47:02","2021-02-16 18:47:02"
583,17,47,1,"2021-02-16 18:47:02","2021-02-16 18:47:02"
584,17,10,2,"2021-02-16 18:47:02","2021-02-16 18:47:02"
585,17,5,5,"2021-02-16 18:47:02","2021-02-16 18:47:02"
586,17,37,3,"2021-02-16 18:47:02","2021-02-16 18:47:02"
587,17,28,2,"2021-02-16 18:47:02","2021-02-16 18:47:02"
588,17,45,2,"2021-02-16 18:47:02","2021-02-16 18:47:02"
589,17,6,4,"2021-02-16 18:47:02","2021-02-16 18:47:02"
590,17,48,3,"2021-02-16 18:47:02","2021-02-16 18:47:02"
591,18,58,5,"2021-02-16 18:47:02","2021-02-16 18:47:02"
592,18,65,5,"2021-02-16 18:47:02","2021-02-16 18:47:02"
593,18,56,4,"2021-02-16 18:47:02","2021-02-16 18:47:02"
594,18,12,5,"2021-02-16 18:47:02","2021-02-16 18:47:02"
595,18,45,5,"2021-02-16 18:47:02","2021-02-16 18:47:02"
596,18,42,1,"2021-02-16 18:47:02","2021-02-16 18:47:02"
597,18,4,1,"2021-02-16 18:47:02","2021-02-16 18:47:02"
598,18,51,5,"2021-02-16 18:47:02","2021-02-16 18:47:02"
599,18,40,2,"2021-02-16 18:47:02","2021-02-16 18:47:02"
600,18,49,2,"2021-02-16 18:47:02","2021-02-16 18:47:02"
601,18,24,2,"2021-02-16 18:47:02","2021-02-16 18:47:02"
602,18,20,4,"2021-02-16 18:47:02","2021-02-16 18:47:02"
603,18,19,1,"2021-02-16 18:47:02","2021-02-16 18:47:02"
604,18,62,5,"2021-02-16 18:47:03","2021-02-16 18:47:03"
605,18,34,5,"2021-02-16 18:47:03","2021-02-16 18:47:03"
606,18,13,4,"2021-02-16 18:47:03","2021-02-16 18:47:03"
607,18,53,1,"2021-02-16 18:47:03","2021-02-16 18:47:03"
608,18,52,1,"2021-02-16 18:47:03","2021-02-16 18:47:03"
609,18,11,1,"2021-02-16 18:47:03","2021-02-16 18:47:03"
610,18,26,3,"2021-02-16 18:47:03","2021-02-16 18:47:03"
611,18,29,4,"2021-02-16 18:47:03","2021-02-16 18:47:03"
612,18,37,5,"2021-02-16 18:47:03","2021-02-16 18:47:03"
613,18,22,3,"2021-02-16 18:47:03","2021-02-16 18:47:03"
614,18,5,4,"2021-02-16 18:47:03","2021-02-16 18:47:03"
615,18,27,4,"2021-02-16 18:47:03","2021-02-16 18:47:03"
616,18,14,4,"2021-02-16 18:47:03","2021-02-16 18:47:03"
617,18,6,5,"2021-02-16 18:47:03","2021-02-16 18:47:03"
618,18,44,2,"2021-02-16 18:47:03","2021-02-16 18:47:03"
619,18,16,1,"2021-02-16 18:47:03","2021-02-16 18:47:03"
620,18,66,3,"2021-02-16 18:47:03","2021-02-16 18:47:03"
621,18,47,5,"2021-02-16 18:47:03","2021-02-16 18:47:03"
622,18,55,5,"2021-02-16 18:47:03","2021-02-16 18:47:03"
623,18,2,1,"2021-02-16 18:47:03","2021-02-16 18:47:03"
624,18,39,1,"2021-02-16 18:47:03","2021-02-16 18:47:03"
625,18,38,3,"2021-02-16 18:47:03","2021-02-16 18:47:03"
626,18,3,3,"2021-02-16 18:47:03","2021-02-16 18:47:03"
627,18,63,1,"2021-02-16 18:47:03","2021-02-16 18:47:03"
628,18,35,1,"2021-02-16 18:47:03","2021-02-16 18:47:03"
629,18,59,4,"2021-02-16 18:47:03","2021-02-16 18:47:03"
630,19,46,2,"2021-02-16 18:47:03","2021-02-16 18:47:03"
631,19,56,4,"2021-02-16 18:47:03","2021-02-16 18:47:03"
632,19,11,2,"2021-02-16 18:47:03","2021-02-16 18:47:03"
633,19,2,1,"2021-02-16 18:47:03","2021-02-16 18:47:03"
634,19,34,2,"2021-02-16 18:47:03","2021-02-16 18:47:03"
635,19,17,4,"2021-02-16 18:47:03","2021-02-16 18:47:03"
636,19,23,4,"2021-02-16 18:47:03","2021-02-16 18:47:03"
637,19,19,3,"2021-02-16 18:47:03","2021-02-16 18:47:03"
638,19,43,3,"2021-02-16 18:47:03","2021-02-16 18:47:03"
639,19,60,1,"2021-02-16 18:47:03","2021-02-16 18:47:03"
640,19,6,4,"2021-02-16 18:47:03","2021-02-16 18:47:03"
641,19,29,3,"2021-02-16 18:47:03","2021-02-16 18:47:03"
642,20,35,3,"2021-02-16 18:47:03","2021-02-16 18:47:03"
643,20,49,4,"2021-02-16 18:47:03","2021-02-16 18:47:03"
644,20,11,5,"2021-02-16 18:47:03","2021-02-16 18:47:03"
645,20,51,2,"2021-02-16 18:47:03","2021-02-16 18:47:03"
646,20,43,3,"2021-02-16 18:47:03","2021-02-16 18:47:03"
647,20,10,4,"2021-02-16 18:47:03","2021-02-16 18:47:03"
648,20,53,1,"2021-02-16 18:47:03","2021-02-16 18:47:03"
649,20,47,2,"2021-02-16 18:47:04","2021-02-16 18:47:04"
650,20,25,2,"2021-02-16 18:47:04","2021-02-16 18:47:04"
651,20,31,1,"2021-02-16 18:47:04","2021-02-16 18:47:04"
652,20,4,1,"2021-02-16 18:47:04","2021-02-16 18:47:04"
653,20,37,5,"2021-02-16 18:47:04","2021-02-16 18:47:04"
654,20,20,3,"2021-02-16 18:47:04","2021-02-16 18:47:04"
655,20,28,1,"2021-02-16 18:47:04","2021-02-16 18:47:04"
656,20,54,3,"2021-02-16 18:47:04","2021-02-16 18:47:04"
657,20,55,5,"2021-02-16 18:47:04","2021-02-16 18:47:04"
658,20,13,2,"2021-02-16 18:47:04","2021-02-16 18:47:04"
659,20,3,3,"2021-02-16 18:47:04","2021-02-16 18:47:04"
660,20,1,5,"2021-02-16 18:47:04","2021-02-16 18:47:04"
661,20,50,3,"2021-02-16 18:47:04","2021-02-16 18:47:04"
662,20,22,1,"2021-02-16 18:47:04","2021-02-16 18:47:04"
663,20,40,1,"2021-02-16 18:47:04","2021-02-16 18:47:04"
664,20,60,2,"2021-02-16 18:47:04","2021-02-16 18:47:04"
665,20,52,4,"2021-02-16 18:47:04","2021-02-16 18:47:04"
666,20,14,4,"2021-02-16 18:47:04","2021-02-16 18:47:04"
667,20,18,4,"2021-02-16 18:47:04","2021-02-16 18:47:04"
668,20,7,5,"2021-02-16 18:47:04","2021-02-16 18:47:04"
669,20,24,4,"2021-02-16 18:47:04","2021-02-16 18:47:04"
670,20,41,5,"2021-02-16 18:47:04","2021-02-16 18:47:04"
671,20,44,1,"2021-02-16 18:47:04","2021-02-16 18:47:04"
672,20,63,2,"2021-02-16 18:47:04","2021-02-16 18:47:04"
673,20,5,2,"2021-02-16 18:47:04","2021-02-16 18:47:04"
674,20,6,2,"2021-02-16 18:47:04","2021-02-16 18:47:04"
675,20,58,2,"2021-02-16 18:47:04","2021-02-16 18:47:04"
676,20,23,4,"2021-02-16 18:47:04","2021-02-16 18:47:04"
677,20,45,2,"2021-02-16 18:47:04","2021-02-16 18:47:04"
678,20,66,5,"2021-02-16 18:47:04","2021-02-16 18:47:04"
679,20,57,5,"2021-02-16 18:47:04","2021-02-16 18:47:04"
680,20,19,4,"2021-02-16 18:47:04","2021-02-16 18:47:04"
681,20,32,2,"2021-02-16 18:47:04","2021-02-16 18:47:04"
682,20,30,3,"2021-02-16 18:47:04","2021-02-16 18:47:04"
683,20,62,5,"2021-02-16 18:47:04","2021-02-16 18:47:04"
684,20,46,5,"2021-02-16 18:47:04","2021-02-16 18:47:04"
685,20,56,5,"2021-02-16 18:47:04","2021-02-16 18:47:04"
686,20,64,3,"2021-02-16 18:47:04","2021-02-16 18:47:04"
687,20,33,1,"2021-02-16 18:47:04","2021-02-16 18:47:04"
688,20,29,2,"2021-02-16 18:47:04","2021-02-16 18:47:04"
689,20,12,4,"2021-02-16 18:47:04","2021-02-16 18:47:04"
690,20,17,1,"2021-02-16 18:47:04","2021-02-16 18:47:04"
691,20,48,2,"2021-02-16 18:47:04","2021-02-16 18:47:04"
692,20,2,1,"2021-02-16 18:47:04","2021-02-16 18:47:04"
693,21,3,3,"2021-02-16 18:47:04","2021-02-16 18:47:04"
694,21,9,4,"2021-02-16 18:47:05","2021-02-16 18:47:05"
695,21,12,1,"2021-02-16 18:47:05","2021-02-16 18:47:05"
696,21,39,3,"2021-02-16 18:47:05","2021-02-16 18:47:05"
697,21,11,1,"2021-02-16 18:47:05","2021-02-16 18:47:05"
698,21,50,2,"2021-02-16 18:47:05","2021-02-16 18:47:05"
699,21,54,4,"2021-02-16 18:47:05","2021-02-16 18:47:05"
700,22,53,3,"2021-02-16 18:47:05","2021-02-16 18:47:05"
701,22,11,5,"2021-02-16 18:47:05","2021-02-16 18:47:05"
702,22,32,4,"2021-02-16 18:47:05","2021-02-16 18:47:05"
703,22,40,3,"2021-02-16 18:47:05","2021-02-16 18:47:05"
704,22,56,1,"2021-02-16 18:47:05","2021-02-16 18:47:05"
705,22,21,4,"2021-02-16 18:47:05","2021-02-16 18:47:05"
706,22,16,5,"2021-02-16 18:47:05","2021-02-16 18:47:05"
707,22,24,3,"2021-02-16 18:47:05","2021-02-16 18:47:05"
708,22,17,1,"2021-02-16 18:47:05","2021-02-16 18:47:05"
709,22,28,4,"2021-02-16 18:47:05","2021-02-16 18:47:05"
710,22,52,2,"2021-02-16 18:47:05","2021-02-16 18:47:05"
711,22,4,2,"2021-02-16 18:47:05","2021-02-16 18:47:05"
712,22,45,5,"2021-02-16 18:47:05","2021-02-16 18:47:05"
713,22,25,2,"2021-02-16 18:47:05","2021-02-16 18:47:05"
714,22,1,4,"2021-02-16 18:47:05","2021-02-16 18:47:05"
715,22,26,1,"2021-02-16 18:47:05","2021-02-16 18:47:05"
716,22,47,2,"2021-02-16 18:47:05","2021-02-16 18:47:05"
717,22,57,5,"2021-02-16 18:47:05","2021-02-16 18:47:05"
718,22,51,1,"2021-02-16 18:47:05","2021-02-16 18:47:05"
719,22,65,5,"2021-02-16 18:47:05","2021-02-16 18:47:05"
720,22,2,1,"2021-02-16 18:47:05","2021-02-16 18:47:05"
721,22,42,3,"2021-02-16 18:47:05","2021-02-16 18:47:05"
722,22,36,5,"2021-02-16 18:47:05","2021-02-16 18:47:05"
723,22,37,1,"2021-02-16 18:47:05","2021-02-16 18:47:05"
724,22,44,4,"2021-02-16 18:47:05","2021-02-16 18:47:05"
725,22,34,3,"2021-02-16 18:47:05","2021-02-16 18:47:05"
726,22,13,4,"2021-02-16 18:47:05","2021-02-16 18:47:05"
727,22,12,2,"2021-02-16 18:47:05","2021-02-16 18:47:05"
728,22,31,5,"2021-02-16 18:47:05","2021-02-16 18:47:05"
729,22,54,2,"2021-02-16 18:47:05","2021-02-16 18:47:05"
730,22,15,4,"2021-02-16 18:47:05","2021-02-16 18:47:05"
731,22,41,5,"2021-02-16 18:47:05","2021-02-16 18:47:05"
732,22,55,2,"2021-02-16 18:47:05","2021-02-16 18:47:05"
733,22,3,1,"2021-02-16 18:47:05","2021-02-16 18:47:05"
734,22,22,5,"2021-02-16 18:47:05","2021-02-16 18:47:05"
735,22,7,3,"2021-02-16 18:47:05","2021-02-16 18:47:05"
736,22,67,5,"2021-02-16 18:47:05","2021-02-16 18:47:05"
737,22,50,4,"2021-02-16 18:47:05","2021-02-16 18:47:05"
738,22,20,3,"2021-02-16 18:47:05","2021-02-16 18:47:05"
739,22,30,3,"2021-02-16 18:47:06","2021-02-16 18:47:06"
740,22,29,2,"2021-02-16 18:47:06","2021-02-16 18:47:06"
741,22,18,3,"2021-02-16 18:47:06","2021-02-16 18:47:06"
742,22,33,1,"2021-02-16 18:47:06","2021-02-16 18:47:06"
743,22,14,5,"2021-02-16 18:47:06","2021-02-16 18:47:06"
744,22,8,5,"2021-02-16 18:47:06","2021-02-16 18:47:06"
745,22,59,1,"2021-02-16 18:47:06","2021-02-16 18:47:06"
746,23,52,4,"2021-02-16 18:47:06","2021-02-16 18:47:06"
747,23,23,2,"2021-02-16 18:47:06","2021-02-16 18:47:06"
748,23,56,1,"2021-02-16 18:47:06","2021-02-16 18:47:06"
749,23,16,1,"2021-02-16 18:47:06","2021-02-16 18:47:06"
750,23,57,3,"2021-02-16 18:47:06","2021-02-16 18:47:06"
751,23,20,1,"2021-02-16 18:47:06","2021-02-16 18:47:06"
752,23,2,4,"2021-02-16 18:47:06","2021-02-16 18:47:06"
753,23,7,5,"2021-02-16 18:47:06","2021-02-16 18:47:06"
754,23,47,5,"2021-02-16 18:47:06","2021-02-16 18:47:06"
755,23,67,5,"2021-02-16 18:47:06","2021-02-16 18:47:06"
756,23,44,3,"2021-02-16 18:47:06","2021-02-16 18:47:06"
757,23,53,2,"2021-02-16 18:47:06","2021-02-16 18:47:06"
758,23,39,5,"2021-02-16 18:47:06","2021-02-16 18:47:06"
759,23,50,3,"2021-02-16 18:47:06","2021-02-16 18:47:06"
760,23,41,2,"2021-02-16 18:47:06","2021-02-16 18:47:06"
761,23,24,5,"2021-02-16 18:47:06","2021-02-16 18:47:06"
762,23,27,5,"2021-02-16 18:47:06","2021-02-16 18:47:06"
763,23,61,5,"2021-02-16 18:47:06","2021-02-16 18:47:06"
764,23,3,5,"2021-02-16 18:47:06","2021-02-16 18:47:06"
765,23,17,1,"2021-02-16 18:47:06","2021-02-16 18:47:06"
766,23,66,2,"2021-02-16 18:47:06","2021-02-16 18:47:06"
767,23,35,1,"2021-02-16 18:47:06","2021-02-16 18:47:06"
768,23,58,5,"2021-02-16 18:47:06","2021-02-16 18:47:06"
769,23,4,1,"2021-02-16 18:47:06","2021-02-16 18:47:06"
770,23,65,3,"2021-02-16 18:47:06","2021-02-16 18:47:06"
771,23,55,1,"2021-02-16 18:47:06","2021-02-16 18:47:06"
772,23,32,4,"2021-02-16 18:47:06","2021-02-16 18:47:06"
773,23,26,3,"2021-02-16 18:47:06","2021-02-16 18:47:06"
774,23,33,2,"2021-02-16 18:47:06","2021-02-16 18:47:06"
775,23,19,1,"2021-02-16 18:47:06","2021-02-16 18:47:06"
776,23,36,2,"2021-02-16 18:47:06","2021-02-16 18:47:06"
777,23,9,3,"2021-02-16 18:47:06","2021-02-16 18:47:06"
778,23,14,3,"2021-02-16 18:47:06","2021-02-16 18:47:06"
779,23,48,4,"2021-02-16 18:47:06","2021-02-16 18:47:06"
780,23,49,5,"2021-02-16 18:47:06","2021-02-16 18:47:06"
781,23,13,2,"2021-02-16 18:47:06","2021-02-16 18:47:06"
782,23,21,2,"2021-02-16 18:47:06","2021-02-16 18:47:06"
783,23,30,3,"2021-02-16 18:47:06","2021-02-16 18:47:06"
784,23,51,1,"2021-02-16 18:47:07","2021-02-16 18:47:07"
785,23,43,5,"2021-02-16 18:47:07","2021-02-16 18:47:07"
786,23,10,1,"2021-02-16 18:47:07","2021-02-16 18:47:07"
787,23,37,5,"2021-02-16 18:47:07","2021-02-16 18:47:07"
788,23,11,4,"2021-02-16 18:47:07","2021-02-16 18:47:07"
789,23,1,2,"2021-02-16 18:47:07","2021-02-16 18:47:07"
790,23,45,5,"2021-02-16 18:47:07","2021-02-16 18:47:07"
791,23,12,2,"2021-02-16 18:47:07","2021-02-16 18:47:07"
792,23,54,1,"2021-02-16 18:47:07","2021-02-16 18:47:07"
793,23,34,2,"2021-02-16 18:47:07","2021-02-16 18:47:07"
794,23,46,3,"2021-02-16 18:47:07","2021-02-16 18:47:07"
795,23,60,5,"2021-02-16 18:47:07","2021-02-16 18:47:07"
796,23,38,2,"2021-02-16 18:47:07","2021-02-16 18:47:07"
797,23,40,1,"2021-02-16 18:47:07","2021-02-16 18:47:07"
798,23,42,2,"2021-02-16 18:47:07","2021-02-16 18:47:07"
799,23,64,5,"2021-02-16 18:47:07","2021-02-16 18:47:07"
800,23,8,4,"2021-02-16 18:47:07","2021-02-16 18:47:07"
801,23,29,2,"2021-02-16 18:47:07","2021-02-16 18:47:07"
802,24,51,2,"2021-02-16 18:47:07","2021-02-16 18:47:07"
803,24,63,5,"2021-02-16 18:47:07","2021-02-16 18:47:07"
804,24,35,4,"2021-02-16 18:47:07","2021-02-16 18:47:07"
805,24,13,5,"2021-02-16 18:47:07","2021-02-16 18:47:07"
806,24,10,2,"2021-02-16 18:47:07","2021-02-16 18:47:07"
807,24,58,2,"2021-02-16 18:47:07","2021-02-16 18:47:07"
808,24,28,5,"2021-02-16 18:47:07","2021-02-16 18:47:07"
809,24,54,3,"2021-02-16 18:47:07","2021-02-16 18:47:07"
810,24,26,4,"2021-02-16 18:47:07","2021-02-16 18:47:07"
811,24,18,1,"2021-02-16 18:47:07","2021-02-16 18:47:07"
812,24,32,2,"2021-02-16 18:47:07","2021-02-16 18:47:07"
813,24,15,4,"2021-02-16 18:47:07","2021-02-16 18:47:07"
814,24,41,2,"2021-02-16 18:47:07","2021-02-16 18:47:07"
815,24,44,4,"2021-02-16 18:47:07","2021-02-16 18:47:07"
816,24,64,4,"2021-02-16 18:47:07","2021-02-16 18:47:07"
817,24,33,1,"2021-02-16 18:47:07","2021-02-16 18:47:07"
818,24,34,3,"2021-02-16 18:47:07","2021-02-16 18:47:07"
819,24,67,3,"2021-02-16 18:47:07","2021-02-16 18:47:07"
820,24,31,5,"2021-02-16 18:47:07","2021-02-16 18:47:07"
821,24,61,1,"2021-02-16 18:47:07","2021-02-16 18:47:07"
822,24,24,1,"2021-02-16 18:47:07","2021-02-16 18:47:07"
823,24,50,5,"2021-02-16 18:47:07","2021-02-16 18:47:07"
824,24,1,3,"2021-02-16 18:47:07","2021-02-16 18:47:07"
825,24,65,2,"2021-02-16 18:47:07","2021-02-16 18:47:07"
826,24,9,1,"2021-02-16 18:47:07","2021-02-16 18:47:07"
827,24,42,4,"2021-02-16 18:47:07","2021-02-16 18:47:07"
828,24,49,3,"2021-02-16 18:47:07","2021-02-16 18:47:07"
829,24,14,1,"2021-02-16 18:47:07","2021-02-16 18:47:07"
830,24,39,3,"2021-02-16 18:47:07","2021-02-16 18:47:07"
831,24,8,5,"2021-02-16 18:47:08","2021-02-16 18:47:08"
832,24,59,2,"2021-02-16 18:47:08","2021-02-16 18:47:08"
833,24,66,2,"2021-02-16 18:47:08","2021-02-16 18:47:08"
834,24,46,4,"2021-02-16 18:47:08","2021-02-16 18:47:08"
835,24,11,1,"2021-02-16 18:47:08","2021-02-16 18:47:08"
836,24,56,1,"2021-02-16 18:47:08","2021-02-16 18:47:08"
837,24,27,5,"2021-02-16 18:47:08","2021-02-16 18:47:08"
838,24,52,5,"2021-02-16 18:47:08","2021-02-16 18:47:08"
839,24,60,2,"2021-02-16 18:47:08","2021-02-16 18:47:08"
840,24,22,5,"2021-02-16 18:47:08","2021-02-16 18:47:08"
841,24,55,3,"2021-02-16 18:47:08","2021-02-16 18:47:08"
842,24,40,5,"2021-02-16 18:47:08","2021-02-16 18:47:08"
843,24,5,3,"2021-02-16 18:47:08","2021-02-16 18:47:08"
844,24,48,5,"2021-02-16 18:47:08","2021-02-16 18:47:08"
845,24,21,5,"2021-02-16 18:47:08","2021-02-16 18:47:08"
846,24,23,3,"2021-02-16 18:47:08","2021-02-16 18:47:08"
847,24,4,5,"2021-02-16 18:47:08","2021-02-16 18:47:08"
848,24,12,1,"2021-02-16 18:47:08","2021-02-16 18:47:08"
849,24,2,1,"2021-02-16 18:47:08","2021-02-16 18:47:08"
850,24,43,1,"2021-02-16 18:47:08","2021-02-16 18:47:08"
851,24,38,2,"2021-02-16 18:47:08","2021-02-16 18:47:08"
852,24,25,2,"2021-02-16 18:47:08","2021-02-16 18:47:08"
853,24,47,2,"2021-02-16 18:47:08","2021-02-16 18:47:08"
854,24,37,4,"2021-02-16 18:47:08","2021-02-16 18:47:08"
855,24,7,1,"2021-02-16 18:47:08","2021-02-16 18:47:08"
856,24,36,3,"2021-02-16 18:47:08","2021-02-16 18:47:08"
857,24,3,1,"2021-02-16 18:47:08","2021-02-16 18:47:08"
858,24,19,3,"2021-02-16 18:47:08","2021-02-16 18:47:08"
859,24,45,3,"2021-02-16 18:47:08","2021-02-16 18:47:08"
860,24,62,1,"2021-02-16 18:47:08","2021-02-16 18:47:08"
861,25,67,4,"2021-02-16 18:47:08","2021-02-16 18:47:08"
862,25,50,2,"2021-02-16 18:47:08","2021-02-16 18:47:08"
863,25,52,4,"2021-02-16 18:47:08","2021-02-16 18:47:08"
864,25,19,3,"2021-02-16 18:47:08","2021-02-16 18:47:08"
865,25,40,2,"2021-02-16 18:47:08","2021-02-16 18:47:08"
866,25,6,5,"2021-02-16 18:47:08","2021-02-16 18:47:08"
867,25,5,5,"2021-02-16 18:47:08","2021-02-16 18:47:08"
868,25,28,1,"2021-02-16 18:47:08","2021-02-16 18:47:08"
869,25,23,1,"2021-02-16 18:47:08","2021-02-16 18:47:08"
870,25,66,5,"2021-02-16 18:47:08","2021-02-16 18:47:08"
871,25,7,3,"2021-02-16 18:47:08","2021-02-16 18:47:08"
872,25,57,2,"2021-02-16 18:47:08","2021-02-16 18:47:08"
873,25,37,1,"2021-02-16 18:47:08","2021-02-16 18:47:08"
874,25,25,3,"2021-02-16 18:47:08","2021-02-16 18:47:08"
875,25,59,5,"2021-02-16 18:47:08","2021-02-16 18:47:08"
876,25,27,4,"2021-02-16 18:47:09","2021-02-16 18:47:09"
877,25,62,1,"2021-02-16 18:47:09","2021-02-16 18:47:09"
878,25,24,3,"2021-02-16 18:47:09","2021-02-16 18:47:09"
879,25,64,3,"2021-02-16 18:47:09","2021-02-16 18:47:09"
880,25,20,3,"2021-02-16 18:47:09","2021-02-16 18:47:09"
881,25,47,3,"2021-02-16 18:47:09","2021-02-16 18:47:09"
882,25,4,2,"2021-02-16 18:47:09","2021-02-16 18:47:09"
883,25,38,3,"2021-02-16 18:47:09","2021-02-16 18:47:09"
884,25,42,3,"2021-02-16 18:47:09","2021-02-16 18:47:09"
885,25,43,1,"2021-02-16 18:47:09","2021-02-16 18:47:09"
886,25,26,3,"2021-02-16 18:47:09","2021-02-16 18:47:09"
887,25,22,2,"2021-02-16 18:47:09","2021-02-16 18:47:09"
888,25,15,4,"2021-02-16 18:47:09","2021-02-16 18:47:09"
889,25,2,5,"2021-02-16 18:47:09","2021-02-16 18:47:09"
890,25,14,4,"2021-02-16 18:47:09","2021-02-16 18:47:09"
891,25,12,4,"2021-02-16 18:47:09","2021-02-16 18:47:09"
892,25,17,1,"2021-02-16 18:47:09","2021-02-16 18:47:09"
893,26,62,3,"2021-02-16 18:47:09","2021-02-16 18:47:09"
894,26,53,1,"2021-02-16 18:47:09","2021-02-16 18:47:09"
895,26,8,2,"2021-02-16 18:47:09","2021-02-16 18:47:09"
896,26,35,1,"2021-02-16 18:47:09","2021-02-16 18:47:09"
897,26,17,3,"2021-02-16 18:47:09","2021-02-16 18:47:09"
898,26,66,1,"2021-02-16 18:47:09","2021-02-16 18:47:09"
899,26,50,2,"2021-02-16 18:47:09","2021-02-16 18:47:09"
900,26,33,3,"2021-02-16 18:47:09","2021-02-16 18:47:09"
901,27,28,2,"2021-02-16 18:47:09","2021-02-16 18:47:09"
902,27,44,3,"2021-02-16 18:47:09","2021-02-16 18:47:09"
903,27,65,3,"2021-02-16 18:47:09","2021-02-16 18:47:09"
904,27,33,2,"2021-02-16 18:47:09","2021-02-16 18:47:09"
905,27,41,1,"2021-02-16 18:47:09","2021-02-16 18:47:09"
906,27,4,4,"2021-02-16 18:47:09","2021-02-16 18:47:09"
907,27,50,4,"2021-02-16 18:47:09","2021-02-16 18:47:09"
908,27,30,2,"2021-02-16 18:47:09","2021-02-16 18:47:09"
909,27,55,4,"2021-02-16 18:47:09","2021-02-16 18:47:09"
910,27,5,4,"2021-02-16 18:47:09","2021-02-16 18:47:09"
911,27,52,3,"2021-02-16 18:47:09","2021-02-16 18:47:09"
912,27,12,4,"2021-02-16 18:47:09","2021-02-16 18:47:09"
913,27,10,4,"2021-02-16 18:47:09","2021-02-16 18:47:09"
914,27,34,4,"2021-02-16 18:47:09","2021-02-16 18:47:09"
915,28,57,5,"2021-02-16 18:47:09","2021-02-16 18:47:09"
916,28,25,4,"2021-02-16 18:47:09","2021-02-16 18:47:09"
917,28,33,2,"2021-02-16 18:47:09","2021-02-16 18:47:09"
918,28,29,1,"2021-02-16 18:47:09","2021-02-16 18:47:09"
919,28,18,2,"2021-02-16 18:47:09","2021-02-16 18:47:09"
920,28,49,5,"2021-02-16 18:47:09","2021-02-16 18:47:09"
921,28,28,5,"2021-02-16 18:47:09","2021-02-16 18:47:09"
922,28,37,1,"2021-02-16 18:47:10","2021-02-16 18:47:10"
923,28,3,1,"2021-02-16 18:47:10","2021-02-16 18:47:10"
924,28,7,2,"2021-02-16 18:47:10","2021-02-16 18:47:10"
925,28,30,3,"2021-02-16 18:47:10","2021-02-16 18:47:10"
926,28,13,1,"2021-02-16 18:47:10","2021-02-16 18:47:10"
927,28,52,1,"2021-02-16 18:47:10","2021-02-16 18:47:10"
928,28,42,2,"2021-02-16 18:47:10","2021-02-16 18:47:10"
929,28,61,5,"2021-02-16 18:47:10","2021-02-16 18:47:10"
930,28,16,1,"2021-02-16 18:47:10","2021-02-16 18:47:10"
931,28,17,4,"2021-02-16 18:47:10","2021-02-16 18:47:10"
932,28,2,5,"2021-02-16 18:47:10","2021-02-16 18:47:10"
933,28,47,5,"2021-02-16 18:47:10","2021-02-16 18:47:10"
934,28,66,1,"2021-02-16 18:47:10","2021-02-16 18:47:10"
935,28,11,1,"2021-02-16 18:47:10","2021-02-16 18:47:10"
936,28,24,2,"2021-02-16 18:47:10","2021-02-16 18:47:10"
937,28,10,2,"2021-02-16 18:47:10","2021-02-16 18:47:10"
938,28,6,5,"2021-02-16 18:47:10","2021-02-16 18:47:10"
939,29,63,5,"2021-02-16 18:47:10","2021-02-16 18:47:10"
940,29,36,3,"2021-02-16 18:47:10","2021-02-16 18:47:10"
941,29,56,2,"2021-02-16 18:47:10","2021-02-16 18:47:10"
942,29,57,5,"2021-02-16 18:47:10","2021-02-16 18:47:10"
943,29,55,5,"2021-02-16 18:47:10","2021-02-16 18:47:10"
944,29,16,4,"2021-02-16 18:47:10","2021-02-16 18:47:10"
945,29,59,5,"2021-02-16 18:47:10","2021-02-16 18:47:10"
946,29,21,5,"2021-02-16 18:47:10","2021-02-16 18:47:10"
947,29,43,3,"2021-02-16 18:47:10","2021-02-16 18:47:10"
948,29,11,4,"2021-02-16 18:47:10","2021-02-16 18:47:10"
949,29,17,4,"2021-02-16 18:47:10","2021-02-16 18:47:10"
950,29,61,5,"2021-02-16 18:47:10","2021-02-16 18:47:10"
951,29,52,5,"2021-02-16 18:47:10","2021-02-16 18:47:10"
952,29,23,4,"2021-02-16 18:47:10","2021-02-16 18:47:10"
953,29,20,1,"2021-02-16 18:47:10","2021-02-16 18:47:10"
954,29,1,4,"2021-02-16 18:47:10","2021-02-16 18:47:10"
955,29,8,4,"2021-02-16 18:47:10","2021-02-16 18:47:10"
956,29,50,1,"2021-02-16 18:47:10","2021-02-16 18:47:10"
957,29,3,4,"2021-02-16 18:47:10","2021-02-16 18:47:10"
958,30,44,1,"2021-02-16 18:47:10","2021-02-16 18:47:10"
959,30,64,1,"2021-02-16 18:47:10","2021-02-16 18:47:10"
960,30,6,2,"2021-02-16 18:47:10","2021-02-16 18:47:10"
961,30,42,2,"2021-02-16 18:47:10","2021-02-16 18:47:10"
962,30,4,3,"2021-02-16 18:47:10","2021-02-16 18:47:10"
963,30,46,5,"2021-02-16 18:47:10","2021-02-16 18:47:10"
964,30,14,4,"2021-02-16 18:47:10","2021-02-16 18:47:10"
965,30,26,3,"2021-02-16 18:47:10","2021-02-16 18:47:10"
966,30,30,3,"2021-02-16 18:47:10","2021-02-16 18:47:10"
967,30,47,3,"2021-02-16 18:47:10","2021-02-16 18:47:10"
968,30,33,1,"2021-02-16 18:47:10","2021-02-16 18:47:10"
969,30,63,1,"2021-02-16 18:47:11","2021-02-16 18:47:11"
970,30,65,5,"2021-02-16 18:47:11","2021-02-16 18:47:11"
971,30,24,4,"2021-02-16 18:47:11","2021-02-16 18:47:11"
972,30,15,5,"2021-02-16 18:47:11","2021-02-16 18:47:11"
973,30,25,2,"2021-02-16 18:47:11","2021-02-16 18:47:11"
974,30,20,5,"2021-02-16 18:47:11","2021-02-16 18:47:11"
975,30,23,3,"2021-02-16 18:47:11","2021-02-16 18:47:11"
976,30,45,2,"2021-02-16 18:47:11","2021-02-16 18:47:11"
977,30,57,4,"2021-02-16 18:47:11","2021-02-16 18:47:11"
978,30,10,3,"2021-02-16 18:47:11","2021-02-16 18:47:11"
979,30,51,1,"2021-02-16 18:47:11","2021-02-16 18:47:11"
980,30,17,4,"2021-02-16 18:47:11","2021-02-16 18:47:11"
981,30,8,2,"2021-02-16 18:47:11","2021-02-16 18:47:11"
982,30,52,1,"2021-02-16 18:47:11","2021-02-16 18:47:11"
983,30,61,2,"2021-02-16 18:47:11","2021-02-16 18:47:11"
984,30,56,2,"2021-02-16 18:47:11","2021-02-16 18:47:11"
985,30,3,5,"2021-02-16 18:47:11","2021-02-16 18:47:11"
986,30,21,5,"2021-02-16 18:47:11","2021-02-16 18:47:11"
987,30,67,1,"2021-02-16 18:47:11","2021-02-16 18:47:11"
988,30,18,1,"2021-02-16 18:47:11","2021-02-16 18:47:11"
989,30,41,1,"2021-02-16 18:47:11","2021-02-16 18:47:11"
990,30,19,4,"2021-02-16 18:47:11","2021-02-16 18:47:11"
991,30,29,3,"2021-02-16 18:47:11","2021-02-16 18:47:11"
992,30,12,3,"2021-02-16 18:47:11","2021-02-16 18:47:11"
993,30,28,5,"2021-02-16 18:47:11","2021-02-16 18:47:11"
994,30,49,5,"2021-02-16 18:47:11","2021-02-16 18:47:11"
995,31,18,3,"2021-02-16 18:47:11","2021-02-16 18:47:11"
996,31,21,2,"2021-02-16 18:47:11","2021-02-16 18:47:11"
997,31,52,3,"2021-02-16 18:47:11","2021-02-16 18:47:11"
998,32,51,1,"2021-02-16 18:47:11","2021-02-16 18:47:11"
999,32,45,5,"2021-02-16 18:47:11","2021-02-16 18:47:11"
1000,32,12,2,"2021-02-16 18:47:11","2021-02-16 18:47:11"
