id,account_id,password,name,phone_number,updated_at,created_at
1,test1,testpwd1,유저1,01000000000,"2021-02-16 17:00:56","2021-02-16 17:00:56"
2,test2,testpwd2,유저2,01000000000,"2021-02-16 17:00:56","2021-02-16 17:00:56"
3,test3,testpwd3,유저3,01000000000,"2021-02-16 17:00:56","2021-02-16 17:00:56"
4,test4,testpwd4,유저4,01000000000,"2021-02-16 17:00:56","2021-02-16 17:00:56"
5,test5,testpwd5,유저5,01000000000,"2021-02-16 17:00:56","2021-02-16 17:00:56"
6,test6,testpwd6,유저6,01000000000,"2021-02-16 17:00:56","2021-02-16 17:00:56"
7,test7,testpwd7,유저7,01000000000,"2021-02-16 17:00:56","2021-02-16 17:00:56"
8,test8,testpwd8,유저8,01000000000,"2021-02-16 17:00:56","2021-02-16 17:00:56"
9,test9,testpwd9,유저9,01000000000,"2021-02-16 17:00:56","2021-02-16 17:00:56"
10,test10,testpwd10,유저10,01000000000,"2021-02-16 17:00:56","2021-02-16 17:00:56"
11,test11,testpwd11,유저11,01000000000,"2021-02-16 17:00:56","2021-02-16 17:00:56"
12,test12,testpwd12,유저12,01000000000,"2021-02-16 17:00:56","2021-02-16 17:00:56"
13,test13,testpwd13,유저13,01000000000,"2021-02-16 17:00:56","2021-02-16 17:00:56"
14,test14,testpwd14,유저14,01000000000,"2021-02-16 17:00:56","2021-02-16 17:00:56"
15,test15,testpwd15,유저15,01000000000,"2021-02-16 17:00:56","2021-02-16 17:00:56"
16,test16,testpwd16,유저16,01000000000,"2021-02-16 17:00:57","2021-02-16 17:00:57"
17,test17,testpwd17,유저17,01000000000,"2021-02-16 17:00:57","2021-02-16 17:00:57"
18,test18,testpwd18,유저18,01000000000,"2021-02-16 17:00:57","2021-02-16 17:00:57"
19,test19,testpwd19,유저19,01000000000,"2021-02-16 17:00:57","2021-02-16 17:00:57"
20,test20,testpwd20,유저20,01000000000,"2021-02-16 17:00:57","2021-02-16 17:00:57"
21,test21,testpwd21,유저21,01000000000,"2021-02-16 17:00:57","2021-02-16 17:00:57"
22,test22,testpwd22,유저22,01000000000,"2021-02-16 17:00:57","2021-02-16 17:00:57"
23,test23,testpwd23,유저23,01000000000,"2021-02-16 17:00:57","2021-02-16 17:00:57"
24,test24,testpwd24,유저24,01000000000,"2021-02-16 17:00:57","2021-02-16 17:00:57"
25,test25,testpwd25,유저25,01000000000,"2021-02-16 17:00:57","2021-02-16 17:00:57"
26,test26,testpwd26,유저26,01000000000,"2021-02-16 17:00:57","2021-02-16 17:00:57"
27,test27,testpwd27,유저27,01000000000,"2021-02-16 17:00:57","2021-02-16 17:00:57"
28,test28,testpwd28,유저28,01000000000,"2021-02-16 17:00:57","2021-02-16 17:00:57"
29,test29,testpwd29,유저29,01000000000,"2021-02-16 17:00:57","2021-02-16 17:00:57"
30,test30,testpwd30,유저30,01000000000,"2021-02-16 17:00:57","2021-02-16 17:00:57"
31,test31,testpwd31,유저31,01000000000,"2021-02-16 17:00:57","2021-02-16 17:00:57"
32,test32,testpwd32,유저32,01000000000,"2021-02-16 17:00:57","2021-02-16 17:00:57"
33,test33,testpwd33,유저33,01000000000,"2021-02-16 17:00:57","2021-02-16 17:00:57"
34,test34,testpwd34,유저34,01000000000,"2021-02-16 17:00:57","2021-02-16 17:00:57"
35,test35,testpwd35,유저35,01000000000,"2021-02-16 17:00:57","2021-02-16 17:00:57"
36,test36,testpwd36,유저36,01000000000,"2021-02-16 17:00:57","2021-02-16 17:00:57"
37,test37,testpwd37,유저37,01000000000,"2021-02-16 17:00:57","2021-02-16 17:00:57"
38,test38,testpwd38,유저38,01000000000,"2021-02-16 17:00:57","2021-02-16 17:00:57"
39,test39,testpwd39,유저39,01000000000,"2021-02-16 17:00:57","2021-02-16 17:00:57"
40,test40,testpwd40,유저40,01000000000,"2021-02-16 17:00:57","2021-02-16 17:00:57"
41,test41,testpwd41,유저41,01000000000,"2021-02-16 17:00:57","2021-02-16 17:00:57"
42,test42,testpwd42,유저42,01000000000,"2021-02-16 17:00:57","2021-02-16 17:00:57"
43,test43,testpwd43,유저43,01000000000,"2021-02-16 17:00:57","2021-02-16 17:00:57"
44,test44,testpwd44,유저44,01000000000,"2021-02-16 17:00:57","2021-02-16 17:00:57"
45,test45,testpwd45,유저45,01000000000,"2021-02-16 17:00:57","2021-02-16 17:00:57"
46,test46,testpwd46,유저46,01000000000,"2021-02-16 17:00:57","2021-02-16 17:00:57"
47,test47,testpwd47,유저47,01000000000,"2021-02-16 17:00:57","2021-02-16 17:00:57"
48,test48,testpwd48,유저48,01000000000,"2021-02-16 17:00:57","2021-02-16 17:00:57"
49,test49,testpwd49,유저49,01000000000,"2021-02-16 17:00:57","2021-02-16 17:00:57"
50,test50,testpwd50,유저50,01000000000,"2021-02-16 17:00:57","2021-02-16 17:00:57"
51,test51,testpwd51,유저51,01000000000,"2021-02-16 17:00:57","2021-02-16 17:00:57"
52,test52,testpwd52,유저52,01000000000,"2021-02-16 17:00:57","2021-02-16 17:00:57"
53,test53,testpwd53,유저53,01000000000,"2021-02-16 17:00:57","2021-02-16 17:00:57"
54,test54,testpwd54,유저54,01000000000,"2021-02-16 17:00:58","2021-02-16 17:00:58"
55,test55,testpwd55,유저55,01000000000,"2021-02-16 17:00:58","2021-02-16 17:00:58"
56,test56,testpwd56,유저56,01000000000,"2021-02-16 17:00:58","2021-02-16 17:00:58"
57,test57,testpwd57,유저57,01000000000,"2021-02-16 17:00:58","2021-02-16 17:00:58"
58,test58,testpwd58,유저58,01000000000,"2021-02-16 17:00:58","2021-02-16 17:00:58"
59,test59,testpwd59,유저59,01000000000,"2021-02-16 17:00:58","2021-02-16 17:00:58"
60,test60,testpwd60,유저60,01000000000,"2021-02-16 17:00:58","2021-02-16 17:00:58"
61,test61,testpwd61,유저61,01000000000,"2021-02-16 17:00:58","2021-02-16 17:00:58"
62,test62,testpwd62,유저62,01000000000,"2021-02-16 17:00:58","2021-02-16 17:00:58"
63,test63,testpwd63,유저63,01000000000,"2021-02-16 17:00:58","2021-02-16 17:00:58"
64,test64,testpwd64,유저64,01000000000,"2021-02-16 17:00:58","2021-02-16 17:00:58"
65,test65,testpwd65,유저65,01000000000,"2021-02-16 17:00:58","2021-02-16 17:00:58"
66,test66,testpwd66,유저66,01000000000,"2021-02-16 17:00:58","2021-02-16 17:00:58"
67,test67,testpwd67,유저67,01000000000,"2021-02-16 17:00:58","2021-02-16 17:00:58"
68,test68,testpwd68,유저68,01000000000,"2021-02-16 17:00:58","2021-02-16 17:00:58"
69,test69,testpwd69,유저69,01000000000,"2021-02-16 17:00:58","2021-02-16 17:00:58"
70,test70,testpwd70,유저70,01000000000,"2021-02-16 17:00:58","2021-02-16 17:00:58"
71,test71,testpwd71,유저71,01000000000,"2021-02-16 17:00:58","2021-02-16 17:00:58"
72,test72,testpwd72,유저72,01000000000,"2021-02-16 17:00:58","2021-02-16 17:00:58"
73,test73,testpwd73,유저73,01000000000,"2021-02-16 17:00:58","2021-02-16 17:00:58"
74,test74,testpwd74,유저74,01000000000,"2021-02-16 17:00:58","2021-02-16 17:00:58"
75,test75,testpwd75,유저75,01000000000,"2021-02-16 17:00:58","2021-02-16 17:00:58"
76,test76,testpwd76,유저76,01000000000,"2021-02-16 17:00:58","2021-02-16 17:00:58"
77,test77,testpwd77,유저77,01000000000,"2021-02-16 17:00:58","2021-02-16 17:00:58"
78,test78,testpwd78,유저78,01000000000,"2021-02-16 17:00:58","2021-02-16 17:00:58"
79,test79,testpwd79,유저79,01000000000,"2021-02-16 17:00:58","2021-02-16 17:00:58"
80,test80,testpwd80,유저80,01000000000,"2021-02-16 17:00:58","2021-02-16 17:00:58"
81,test81,testpwd81,유저81,01000000000,"2021-02-16 17:00:58","2021-02-16 17:00:58"
82,test82,testpwd82,유저82,01000000000,"2021-02-16 17:00:58","2021-02-16 17:00:58"
83,test83,testpwd83,유저83,01000000000,"2021-02-16 17:00:58","2021-02-16 17:00:58"
84,test84,testpwd84,유저84,01000000000,"2021-02-16 17:00:58","2021-02-16 17:00:58"
85,test85,testpwd85,유저85,01000000000,"2021-02-16 17:00:58","2021-02-16 17:00:58"
86,test86,testpwd86,유저86,01000000000,"2021-02-16 17:00:58","2021-02-16 17:00:58"
87,test87,testpwd87,유저87,01000000000,"2021-02-16 17:00:58","2021-02-16 17:00:58"
88,test88,testpwd88,유저88,01000000000,"2021-02-16 17:00:58","2021-02-16 17:00:58"
89,test89,testpwd89,유저89,01000000000,"2021-02-16 17:00:58","2021-02-16 17:00:58"
90,test90,testpwd90,유저90,01000000000,"2021-02-16 17:00:58","2021-02-16 17:00:58"
91,test91,testpwd91,유저91,01000000000,"2021-02-16 17:00:58","2021-02-16 17:00:58"
92,test92,testpwd92,유저92,01000000000,"2021-02-16 17:00:58","2021-02-16 17:00:58"
93,test93,testpwd93,유저93,01000000000,"2021-02-16 17:00:58","2021-02-16 17:00:58"
94,test94,testpwd94,유저94,01000000000,"2021-02-16 17:00:58","2021-02-16 17:00:58"
95,test95,testpwd95,유저95,01000000000,"2021-02-16 17:00:59","2021-02-16 17:00:59"
96,test96,testpwd96,유저96,01000000000,"2021-02-16 17:00:59","2021-02-16 17:00:59"
97,test97,testpwd97,유저97,01000000000,"2021-02-16 17:00:59","2021-02-16 17:00:59"
98,test98,testpwd98,유저98,01000000000,"2021-02-16 17:00:59","2021-02-16 17:00:59"
99,test99,testpwd99,유저99,01000000000,"2021-02-16 17:00:59","2021-02-16 17:00:59"
100,test100,testpwd100,유저100,01000000000,"2021-02-16 17:00:59","2021-02-16 17:00:59"
101,test101,testpwd101,유저101,01000000000,"2021-02-16 17:00:59","2021-02-16 17:00:59"
102,test102,testpwd102,유저102,01000000000,"2021-02-16 17:00:59","2021-02-16 17:00:59"
103,test103,testpwd103,유저103,01000000000,"2021-02-16 17:00:59","2021-02-16 17:00:59"
104,test104,testpwd104,유저104,01000000000,"2021-02-16 17:00:59","2021-02-16 17:00:59"
105,test105,testpwd105,유저105,01000000000,"2021-02-16 17:00:59","2021-02-16 17:00:59"
106,test106,testpwd106,유저106,01000000000,"2021-02-16 17:00:59","2021-02-16 17:00:59"
107,test107,testpwd107,유저107,01000000000,"2021-02-16 17:00:59","2021-02-16 17:00:59"
108,test108,testpwd108,유저108,01000000000,"2021-02-16 17:00:59","2021-02-16 17:00:59"
109,test109,testpwd109,유저109,01000000000,"2021-02-16 17:00:59","2021-02-16 17:00:59"
110,test110,testpwd110,유저110,01000000000,"2021-02-16 17:00:59","2021-02-16 17:00:59"
111,test111,testpwd111,유저111,01000000000,"2021-02-16 17:00:59","2021-02-16 17:00:59"
112,test112,testpwd112,유저112,01000000000,"2021-02-16 17:00:59","2021-02-16 17:00:59"
113,test113,testpwd113,유저113,01000000000,"2021-02-16 17:00:59","2021-02-16 17:00:59"
114,test114,testpwd114,유저114,01000000000,"2021-02-16 17:00:59","2021-02-16 17:00:59"
115,test115,testpwd115,유저115,01000000000,"2021-02-16 17:00:59","2021-02-16 17:00:59"
116,test116,testpwd116,유저116,01000000000,"2021-02-16 17:00:59","2021-02-16 17:00:59"
117,test117,testpwd117,유저117,01000000000,"2021-02-16 17:00:59","2021-02-16 17:00:59"
118,test118,testpwd118,유저118,01000000000,"2021-02-16 17:00:59","2021-02-16 17:00:59"
119,test119,testpwd119,유저119,01000000000,"2021-02-16 17:00:59","2021-02-16 17:00:59"
120,test120,testpwd120,유저120,01000000000,"2021-02-16 17:00:59","2021-02-16 17:00:59"
121,test121,testpwd121,유저121,01000000000,"2021-02-16 17:00:59","2021-02-16 17:00:59"
122,test122,testpwd122,유저122,01000000000,"2021-02-16 17:00:59","2021-02-16 17:00:59"
123,test123,testpwd123,유저123,01000000000,"2021-02-16 17:00:59","2021-02-16 17:00:59"
124,test124,testpwd124,유저124,01000000000,"2021-02-16 17:00:59","2021-02-16 17:00:59"
125,test125,testpwd125,유저125,01000000000,"2021-02-16 17:00:59","2021-02-16 17:00:59"
126,test126,testpwd126,유저126,01000000000,"2021-02-16 17:00:59","2021-02-16 17:00:59"
127,test127,testpwd127,유저127,01000000000,"2021-02-16 17:00:59","2021-02-16 17:00:59"
128,test128,testpwd128,유저128,01000000000,"2021-02-16 17:00:59","2021-02-16 17:00:59"
129,test129,testpwd129,유저129,01000000000,"2021-02-16 17:00:59","2021-02-16 17:00:59"
130,test130,testpwd130,유저130,01000000000,"2021-02-16 17:00:59","2021-02-16 17:00:59"
131,test131,testpwd131,유저131,01000000000,"2021-02-16 17:00:59","2021-02-16 17:00:59"
132,test132,testpwd132,유저132,01000000000,"2021-02-16 17:00:59","2021-02-16 17:00:59"
133,test133,testpwd133,유저133,01000000000,"2021-02-16 17:00:59","2021-02-16 17:00:59"
134,test134,testpwd134,유저134,01000000000,"2021-02-16 17:01:00","2021-02-16 17:01:00"
135,test135,testpwd135,유저135,01000000000,"2021-02-16 17:01:00","2021-02-16 17:01:00"
136,test136,testpwd136,유저136,01000000000,"2021-02-16 17:01:00","2021-02-16 17:01:00"
137,test137,testpwd137,유저137,01000000000,"2021-02-16 17:01:00","2021-02-16 17:01:00"
138,test138,testpwd138,유저138,01000000000,"2021-02-16 17:01:00","2021-02-16 17:01:00"
139,test139,testpwd139,유저139,01000000000,"2021-02-16 17:01:00","2021-02-16 17:01:00"
140,test140,testpwd140,유저140,01000000000,"2021-02-16 17:01:00","2021-02-16 17:01:00"
141,test141,testpwd141,유저141,01000000000,"2021-02-16 17:01:00","2021-02-16 17:01:00"
142,test142,testpwd142,유저142,01000000000,"2021-02-16 17:01:00","2021-02-16 17:01:00"
143,test143,testpwd143,유저143,01000000000,"2021-02-16 17:01:00","2021-02-16 17:01:00"
144,test144,testpwd144,유저144,01000000000,"2021-02-16 17:01:00","2021-02-16 17:01:00"
145,test145,testpwd145,유저145,01000000000,"2021-02-16 17:01:00","2021-02-16 17:01:00"
146,test146,testpwd146,유저146,01000000000,"2021-02-16 17:01:00","2021-02-16 17:01:00"
147,test147,testpwd147,유저147,01000000000,"2021-02-16 17:01:00","2021-02-16 17:01:00"
148,test148,testpwd148,유저148,01000000000,"2021-02-16 17:01:00","2021-02-16 17:01:00"
149,test149,testpwd149,유저149,01000000000,"2021-02-16 17:01:00","2021-02-16 17:01:00"
150,test150,testpwd150,유저150,01000000000,"2021-02-16 17:01:00","2021-02-16 17:01:00"
151,test151,testpwd151,유저151,01000000000,"2021-02-16 17:01:00","2021-02-16 17:01:00"
152,test152,testpwd152,유저152,01000000000,"2021-02-16 17:01:00","2021-02-16 17:01:00"
153,test153,testpwd153,유저153,01000000000,"2021-02-16 17:01:00","2021-02-16 17:01:00"
154,test154,testpwd154,유저154,01000000000,"2021-02-16 17:01:00","2021-02-16 17:01:00"
155,test155,testpwd155,유저155,01000000000,"2021-02-16 17:01:00","2021-02-16 17:01:00"
156,test156,testpwd156,유저156,01000000000,"2021-02-16 17:01:00","2021-02-16 17:01:00"
157,test157,testpwd157,유저157,01000000000,"2021-02-16 17:01:00","2021-02-16 17:01:00"
158,test158,testpwd158,유저158,01000000000,"2021-02-16 17:01:00","2021-02-16 17:01:00"
159,test159,testpwd159,유저159,01000000000,"2021-02-16 17:01:00","2021-02-16 17:01:00"
160,test160,testpwd160,유저160,01000000000,"2021-02-16 17:01:00","2021-02-16 17:01:00"
161,test161,testpwd161,유저161,01000000000,"2021-02-16 17:01:00","2021-02-16 17:01:00"
162,test162,testpwd162,유저162,01000000000,"2021-02-16 17:01:00","2021-02-16 17:01:00"
163,test163,testpwd163,유저163,01000000000,"2021-02-16 17:01:00","2021-02-16 17:01:00"
164,test164,testpwd164,유저164,01000000000,"2021-02-16 17:01:00","2021-02-16 17:01:00"
165,test165,testpwd165,유저165,01000000000,"2021-02-16 17:01:00","2021-02-16 17:01:00"
166,test166,testpwd166,유저166,01000000000,"2021-02-16 17:01:00","2021-02-16 17:01:00"
167,test167,testpwd167,유저167,01000000000,"2021-02-16 17:01:00","2021-02-16 17:01:00"
168,test168,testpwd168,유저168,01000000000,"2021-02-16 17:01:00","2021-02-16 17:01:00"
169,test169,testpwd169,유저169,01000000000,"2021-02-16 17:01:00","2021-02-16 17:01:00"
170,test170,testpwd170,유저170,01000000000,"2021-02-16 17:01:00","2021-02-16 17:01:00"
171,test171,testpwd171,유저171,01000000000,"2021-02-16 17:01:00","2021-02-16 17:01:00"
172,test172,testpwd172,유저172,01000000000,"2021-02-16 17:01:00","2021-02-16 17:01:00"
173,test173,testpwd173,유저173,01000000000,"2021-02-16 17:01:00","2021-02-16 17:01:00"
174,test174,testpwd174,유저174,01000000000,"2021-02-16 17:01:00","2021-02-16 17:01:00"
175,test175,testpwd175,유저175,01000000000,"2021-02-16 17:01:01","2021-02-16 17:01:01"
176,test176,testpwd176,유저176,01000000000,"2021-02-16 17:01:01","2021-02-16 17:01:01"
177,test177,testpwd177,유저177,01000000000,"2021-02-16 17:01:01","2021-02-16 17:01:01"
178,test178,testpwd178,유저178,01000000000,"2021-02-16 17:01:01","2021-02-16 17:01:01"
179,test179,testpwd179,유저179,01000000000,"2021-02-16 17:01:01","2021-02-16 17:01:01"
180,test180,testpwd180,유저180,01000000000,"2021-02-16 17:01:01","2021-02-16 17:01:01"
181,test181,testpwd181,유저181,01000000000,"2021-02-16 17:01:01","2021-02-16 17:01:01"
182,test182,testpwd182,유저182,01000000000,"2021-02-16 17:01:01","2021-02-16 17:01:01"
183,test183,testpwd183,유저183,01000000000,"2021-02-16 17:01:01","2021-02-16 17:01:01"
184,test184,testpwd184,유저184,01000000000,"2021-02-16 17:01:01","2021-02-16 17:01:01"
185,test185,testpwd185,유저185,01000000000,"2021-02-16 17:01:01","2021-02-16 17:01:01"
186,test186,testpwd186,유저186,01000000000,"2021-02-16 17:01:01","2021-02-16 17:01:01"
187,test187,testpwd187,유저187,01000000000,"2021-02-16 17:01:01","2021-02-16 17:01:01"
188,test188,testpwd188,유저188,01000000000,"2021-02-16 17:01:01","2021-02-16 17:01:01"
189,test189,testpwd189,유저189,01000000000,"2021-02-16 17:01:01","2021-02-16 17:01:01"
190,test190,testpwd190,유저190,01000000000,"2021-02-16 17:01:01","2021-02-16 17:01:01"
191,test191,testpwd191,유저191,01000000000,"2021-02-16 17:01:01","2021-02-16 17:01:01"
192,test192,testpwd192,유저192,01000000000,"2021-02-16 17:01:01","2021-02-16 17:01:01"
193,test193,testpwd193,유저193,01000000000,"2021-02-16 17:01:01","2021-02-16 17:01:01"
194,test194,testpwd194,유저194,01000000000,"2021-02-16 17:01:01","2021-02-16 17:01:01"
195,test195,testpwd195,유저195,01000000000,"2021-02-16 17:01:01","2021-02-16 17:01:01"
196,test196,testpwd196,유저196,01000000000,"2021-02-16 17:01:01","2021-02-16 17:01:01"
197,test197,testpwd197,유저197,01000000000,"2021-02-16 17:01:01","2021-02-16 17:01:01"
198,test198,testpwd198,유저198,01000000000,"2021-02-16 17:01:01","2021-02-16 17:01:01"
199,test199,testpwd199,유저199,01000000000,"2021-02-16 17:01:01","2021-02-16 17:01:01"
200,test200,testpwd200,유저200,01000000000,"2021-02-16 17:01:01","2021-02-16 17:01:01"
201,test201,testpwd201,유저201,01000000000,"2021-02-16 17:01:01","2021-02-16 17:01:01"
202,test202,testpwd202,유저202,01000000000,"2021-02-16 17:01:01","2021-02-16 17:01:01"
203,test203,testpwd203,유저203,01000000000,"2021-02-16 17:01:01","2021-02-16 17:01:01"
204,test204,testpwd204,유저204,01000000000,"2021-02-16 17:01:01","2021-02-16 17:01:01"
205,test205,testpwd205,유저205,01000000000,"2021-02-16 17:01:01","2021-02-16 17:01:01"
206,test206,testpwd206,유저206,01000000000,"2021-02-16 17:01:01","2021-02-16 17:01:01"
207,test207,testpwd207,유저207,01000000000,"2021-02-16 17:01:01","2021-02-16 17:01:01"
208,test208,testpwd208,유저208,01000000000,"2021-02-16 17:01:01","2021-02-16 17:01:01"
209,test209,testpwd209,유저209,01000000000,"2021-02-16 17:01:01","2021-02-16 17:01:01"
210,test210,testpwd210,유저210,01000000000,"2021-02-16 17:01:01","2021-02-16 17:01:01"
211,test211,testpwd211,유저211,01000000000,"2021-02-16 17:01:01","2021-02-16 17:01:01"
212,test212,testpwd212,유저212,01000000000,"2021-02-16 17:01:01","2021-02-16 17:01:01"
213,test213,testpwd213,유저213,01000000000,"2021-02-16 17:01:01","2021-02-16 17:01:01"
214,test214,testpwd214,유저214,01000000000,"2021-02-16 17:01:01","2021-02-16 17:01:01"
215,test215,testpwd215,유저215,01000000000,"2021-02-16 17:01:02","2021-02-16 17:01:02"
216,test216,testpwd216,유저216,01000000000,"2021-02-16 17:01:02","2021-02-16 17:01:02"
217,test217,testpwd217,유저217,01000000000,"2021-02-16 17:01:02","2021-02-16 17:01:02"
218,test218,testpwd218,유저218,01000000000,"2021-02-16 17:01:02","2021-02-16 17:01:02"
219,test219,testpwd219,유저219,01000000000,"2021-02-16 17:01:02","2021-02-16 17:01:02"
220,test220,testpwd220,유저220,01000000000,"2021-02-16 17:01:02","2021-02-16 17:01:02"
221,test221,testpwd221,유저221,01000000000,"2021-02-16 17:01:02","2021-02-16 17:01:02"
222,test222,testpwd222,유저222,01000000000,"2021-02-16 17:01:02","2021-02-16 17:01:02"
223,test223,testpwd223,유저223,01000000000,"2021-02-16 17:01:02","2021-02-16 17:01:02"
224,test224,testpwd224,유저224,01000000000,"2021-02-16 17:01:02","2021-02-16 17:01:02"
225,test225,testpwd225,유저225,01000000000,"2021-02-16 17:01:02","2021-02-16 17:01:02"
226,test226,testpwd226,유저226,01000000000,"2021-02-16 17:01:02","2021-02-16 17:01:02"
227,test227,testpwd227,유저227,01000000000,"2021-02-16 17:01:02","2021-02-16 17:01:02"
228,test228,testpwd228,유저228,01000000000,"2021-02-16 17:01:02","2021-02-16 17:01:02"
229,test229,testpwd229,유저229,01000000000,"2021-02-16 17:01:02","2021-02-16 17:01:02"
230,test230,testpwd230,유저230,01000000000,"2021-02-16 17:01:02","2021-02-16 17:01:02"
231,test231,testpwd231,유저231,01000000000,"2021-02-16 17:01:02","2021-02-16 17:01:02"
232,test232,testpwd232,유저232,01000000000,"2021-02-16 17:01:02","2021-02-16 17:01:02"
233,test233,testpwd233,유저233,01000000000,"2021-02-16 17:01:02","2021-02-16 17:01:02"
234,test234,testpwd234,유저234,01000000000,"2021-02-16 17:01:02","2021-02-16 17:01:02"
235,test235,testpwd235,유저235,01000000000,"2021-02-16 17:01:02","2021-02-16 17:01:02"
236,test236,testpwd236,유저236,01000000000,"2021-02-16 17:01:02","2021-02-16 17:01:02"
237,test237,testpwd237,유저237,01000000000,"2021-02-16 17:01:02","2021-02-16 17:01:02"
238,test238,testpwd238,유저238,01000000000,"2021-02-16 17:01:02","2021-02-16 17:01:02"
239,test239,testpwd239,유저239,01000000000,"2021-02-16 17:01:02","2021-02-16 17:01:02"
240,test240,testpwd240,유저240,01000000000,"2021-02-16 17:01:02","2021-02-16 17:01:02"
241,test241,testpwd241,유저241,01000000000,"2021-02-16 17:01:02","2021-02-16 17:01:02"
242,test242,testpwd242,유저242,01000000000,"2021-02-16 17:01:02","2021-02-16 17:01:02"
243,test243,testpwd243,유저243,01000000000,"2021-02-16 17:01:02","2021-02-16 17:01:02"
244,test244,testpwd244,유저244,01000000000,"2021-02-16 17:01:02","2021-02-16 17:01:02"
245,test245,testpwd245,유저245,01000000000,"2021-02-16 17:01:02","2021-02-16 17:01:02"
246,test246,testpwd246,유저246,01000000000,"2021-02-16 17:01:02","2021-02-16 17:01:02"
247,test247,testpwd247,유저247,01000000000,"2021-02-16 17:01:02","2021-02-16 17:01:02"
248,test248,testpwd248,유저248,01000000000,"2021-02-16 17:01:02","2021-02-16 17:01:02"
249,test249,testpwd249,유저249,01000000000,"2021-02-16 17:01:02","2021-02-16 17:01:02"
250,test250,testpwd250,유저250,01000000000,"2021-02-16 17:01:02","2021-02-16 17:01:02"
251,test251,testpwd251,유저251,01000000000,"2021-02-16 17:01:02","2021-02-16 17:01:02"
252,test252,testpwd252,유저252,01000000000,"2021-02-16 17:01:02","2021-02-16 17:01:02"
253,test253,testpwd253,유저253,01000000000,"2021-02-16 17:01:02","2021-02-16 17:01:02"
254,test254,testpwd254,유저254,01000000000,"2021-02-16 17:01:03","2021-02-16 17:01:03"
255,test255,testpwd255,유저255,01000000000,"2021-02-16 17:01:03","2021-02-16 17:01:03"
256,test256,testpwd256,유저256,01000000000,"2021-02-16 17:01:03","2021-02-16 17:01:03"
257,test257,testpwd257,유저257,01000000000,"2021-02-16 17:01:03","2021-02-16 17:01:03"
258,test258,testpwd258,유저258,01000000000,"2021-02-16 17:01:03","2021-02-16 17:01:03"
259,test259,testpwd259,유저259,01000000000,"2021-02-16 17:01:03","2021-02-16 17:01:03"
260,test260,testpwd260,유저260,01000000000,"2021-02-16 17:01:03","2021-02-16 17:01:03"
261,test261,testpwd261,유저261,01000000000,"2021-02-16 17:01:03","2021-02-16 17:01:03"
262,test262,testpwd262,유저262,01000000000,"2021-02-16 17:01:03","2021-02-16 17:01:03"
263,test263,testpwd263,유저263,01000000000,"2021-02-16 17:01:03","2021-02-16 17:01:03"
264,test264,testpwd264,유저264,01000000000,"2021-02-16 17:01:03","2021-02-16 17:01:03"
265,test265,testpwd265,유저265,01000000000,"2021-02-16 17:01:03","2021-02-16 17:01:03"
266,test266,testpwd266,유저266,01000000000,"2021-02-16 17:01:03","2021-02-16 17:01:03"
267,test267,testpwd267,유저267,01000000000,"2021-02-16 17:01:03","2021-02-16 17:01:03"
268,test268,testpwd268,유저268,01000000000,"2021-02-16 17:01:03","2021-02-16 17:01:03"
269,test269,testpwd269,유저269,01000000000,"2021-02-16 17:01:03","2021-02-16 17:01:03"
270,test270,testpwd270,유저270,01000000000,"2021-02-16 17:01:03","2021-02-16 17:01:03"
271,test271,testpwd271,유저271,01000000000,"2021-02-16 17:01:03","2021-02-16 17:01:03"
272,test272,testpwd272,유저272,01000000000,"2021-02-16 17:01:03","2021-02-16 17:01:03"
273,test273,testpwd273,유저273,01000000000,"2021-02-16 17:01:03","2021-02-16 17:01:03"
274,test274,testpwd274,유저274,01000000000,"2021-02-16 17:01:03","2021-02-16 17:01:03"
275,test275,testpwd275,유저275,01000000000,"2021-02-16 17:01:03","2021-02-16 17:01:03"
276,test276,testpwd276,유저276,01000000000,"2021-02-16 17:01:03","2021-02-16 17:01:03"
277,test277,testpwd277,유저277,01000000000,"2021-02-16 17:01:03","2021-02-16 17:01:03"
278,test278,testpwd278,유저278,01000000000,"2021-02-16 17:01:03","2021-02-16 17:01:03"
279,test279,testpwd279,유저279,01000000000,"2021-02-16 17:01:03","2021-02-16 17:01:03"
280,test280,testpwd280,유저280,01000000000,"2021-02-16 17:01:03","2021-02-16 17:01:03"
281,test281,testpwd281,유저281,01000000000,"2021-02-16 17:01:03","2021-02-16 17:01:03"
282,test282,testpwd282,유저282,01000000000,"2021-02-16 17:01:03","2021-02-16 17:01:03"
283,test283,testpwd283,유저283,01000000000,"2021-02-16 17:01:03","2021-02-16 17:01:03"
284,test284,testpwd284,유저284,01000000000,"2021-02-16 17:01:03","2021-02-16 17:01:03"
285,test285,testpwd285,유저285,01000000000,"2021-02-16 17:01:03","2021-02-16 17:01:03"
286,test286,testpwd286,유저286,01000000000,"2021-02-16 17:01:03","2021-02-16 17:01:03"
287,test287,testpwd287,유저287,01000000000,"2021-02-16 17:01:03","2021-02-16 17:01:03"
288,test288,testpwd288,유저288,01000000000,"2021-02-16 17:01:03","2021-02-16 17:01:03"
289,test289,testpwd289,유저289,01000000000,"2021-02-16 17:01:03","2021-02-16 17:01:03"
290,test290,testpwd290,유저290,01000000000,"2021-02-16 17:01:03","2021-02-16 17:01:03"
291,test291,testpwd291,유저291,01000000000,"2021-02-16 17:01:03","2021-02-16 17:01:03"
292,test292,testpwd292,유저292,01000000000,"2021-02-16 17:01:03","2021-02-16 17:01:03"
293,test293,testpwd293,유저293,01000000000,"2021-02-16 17:01:03","2021-02-16 17:01:03"
294,test294,testpwd294,유저294,01000000000,"2021-02-16 17:01:03","2021-02-16 17:01:03"
295,test295,testpwd295,유저295,01000000000,"2021-02-16 17:01:04","2021-02-16 17:01:04"
296,test296,testpwd296,유저296,01000000000,"2021-02-16 17:01:04","2021-02-16 17:01:04"
297,test297,testpwd297,유저297,01000000000,"2021-02-16 17:01:04","2021-02-16 17:01:04"
298,test298,testpwd298,유저298,01000000000,"2021-02-16 17:01:04","2021-02-16 17:01:04"
299,test299,testpwd299,유저299,01000000000,"2021-02-16 17:01:04","2021-02-16 17:01:04"
300,test300,testpwd300,유저300,01000000000,"2021-02-16 17:01:04","2021-02-16 17:01:04"
301,test301,testpwd301,유저301,01000000000,"2021-02-16 17:01:04","2021-02-16 17:01:04"
302,test302,testpwd302,유저302,01000000000,"2021-02-16 17:01:04","2021-02-16 17:01:04"
303,test303,testpwd303,유저303,01000000000,"2021-02-16 17:01:04","2021-02-16 17:01:04"
304,test304,testpwd304,유저304,01000000000,"2021-02-16 17:01:04","2021-02-16 17:01:04"
305,test305,testpwd305,유저305,01000000000,"2021-02-16 17:01:04","2021-02-16 17:01:04"
306,test306,testpwd306,유저306,01000000000,"2021-02-16 17:01:04","2021-02-16 17:01:04"
307,test307,testpwd307,유저307,01000000000,"2021-02-16 17:01:04","2021-02-16 17:01:04"
308,test308,testpwd308,유저308,01000000000,"2021-02-16 17:01:04","2021-02-16 17:01:04"
309,test309,testpwd309,유저309,01000000000,"2021-02-16 17:01:04","2021-02-16 17:01:04"
310,test310,testpwd310,유저310,01000000000,"2021-02-16 17:01:04","2021-02-16 17:01:04"
311,test311,testpwd311,유저311,01000000000,"2021-02-16 17:01:04","2021-02-16 17:01:04"
312,test312,testpwd312,유저312,01000000000,"2021-02-16 17:01:04","2021-02-16 17:01:04"
313,test313,testpwd313,유저313,01000000000,"2021-02-16 17:01:04","2021-02-16 17:01:04"
314,test314,testpwd314,유저314,01000000000,"2021-02-16 17:01:04","2021-02-16 17:01:04"
315,test315,testpwd315,유저315,01000000000,"2021-02-16 17:01:04","2021-02-16 17:01:04"
316,test316,testpwd316,유저316,01000000000,"2021-02-16 17:01:04","2021-02-16 17:01:04"
317,test317,testpwd317,유저317,01000000000,"2021-02-16 17:01:04","2021-02-16 17:01:04"
318,test318,testpwd318,유저318,01000000000,"2021-02-16 17:01:04","2021-02-16 17:01:04"
319,test319,testpwd319,유저319,01000000000,"2021-02-16 17:01:04","2021-02-16 17:01:04"
320,test320,testpwd320,유저320,01000000000,"2021-02-16 17:01:04","2021-02-16 17:01:04"
321,test321,testpwd321,유저321,01000000000,"2021-02-16 17:01:04","2021-02-16 17:01:04"
322,test322,testpwd322,유저322,01000000000,"2021-02-16 17:01:04","2021-02-16 17:01:04"
323,test323,testpwd323,유저323,01000000000,"2021-02-16 17:01:04","2021-02-16 17:01:04"
324,test324,testpwd324,유저324,01000000000,"2021-02-16 17:01:04","2021-02-16 17:01:04"
325,test325,testpwd325,유저325,01000000000,"2021-02-16 17:01:04","2021-02-16 17:01:04"
326,test326,testpwd326,유저326,01000000000,"2021-02-16 17:01:04","2021-02-16 17:01:04"
327,test327,testpwd327,유저327,01000000000,"2021-02-16 17:01:04","2021-02-16 17:01:04"
328,test328,testpwd328,유저328,01000000000,"2021-02-16 17:01:04","2021-02-16 17:01:04"
329,test329,testpwd329,유저329,01000000000,"2021-02-16 17:01:04","2021-02-16 17:01:04"
330,test330,testpwd330,유저330,01000000000,"2021-02-16 17:01:04","2021-02-16 17:01:04"
331,test331,testpwd331,유저331,01000000000,"2021-02-16 17:01:04","2021-02-16 17:01:04"
332,test332,testpwd332,유저332,01000000000,"2021-02-16 17:01:04","2021-02-16 17:01:04"
333,test333,testpwd333,유저333,01000000000,"2021-02-16 17:01:04","2021-02-16 17:01:04"
334,test334,testpwd334,유저334,01000000000,"2021-02-16 17:01:04","2021-02-16 17:01:04"
335,test335,testpwd335,유저335,01000000000,"2021-02-16 17:01:04","2021-02-16 17:01:04"
336,test336,testpwd336,유저336,01000000000,"2021-02-16 17:01:05","2021-02-16 17:01:05"
337,test337,testpwd337,유저337,01000000000,"2021-02-16 17:01:05","2021-02-16 17:01:05"
338,test338,testpwd338,유저338,01000000000,"2021-02-16 17:01:05","2021-02-16 17:01:05"
339,test339,testpwd339,유저339,01000000000,"2021-02-16 17:01:05","2021-02-16 17:01:05"
340,test340,testpwd340,유저340,01000000000,"2021-02-16 17:01:05","2021-02-16 17:01:05"
341,test341,testpwd341,유저341,01000000000,"2021-02-16 17:01:05","2021-02-16 17:01:05"
342,test342,testpwd342,유저342,01000000000,"2021-02-16 17:01:05","2021-02-16 17:01:05"
343,test343,testpwd343,유저343,01000000000,"2021-02-16 17:01:05","2021-02-16 17:01:05"
344,test344,testpwd344,유저344,01000000000,"2021-02-16 17:01:05","2021-02-16 17:01:05"
345,test345,testpwd345,유저345,01000000000,"2021-02-16 17:01:05","2021-02-16 17:01:05"
346,test346,testpwd346,유저346,01000000000,"2021-02-16 17:01:05","2021-02-16 17:01:05"
347,test347,testpwd347,유저347,01000000000,"2021-02-16 17:01:05","2021-02-16 17:01:05"
348,test348,testpwd348,유저348,01000000000,"2021-02-16 17:01:05","2021-02-16 17:01:05"
349,test349,testpwd349,유저349,01000000000,"2021-02-16 17:01:05","2021-02-16 17:01:05"
350,test350,testpwd350,유저350,01000000000,"2021-02-16 17:01:05","2021-02-16 17:01:05"
351,test351,testpwd351,유저351,01000000000,"2021-02-16 17:01:05","2021-02-16 17:01:05"
352,test352,testpwd352,유저352,01000000000,"2021-02-16 17:01:05","2021-02-16 17:01:05"
353,test353,testpwd353,유저353,01000000000,"2021-02-16 17:01:05","2021-02-16 17:01:05"
354,test354,testpwd354,유저354,01000000000,"2021-02-16 17:01:05","2021-02-16 17:01:05"
355,test355,testpwd355,유저355,01000000000,"2021-02-16 17:01:05","2021-02-16 17:01:05"
356,test356,testpwd356,유저356,01000000000,"2021-02-16 17:01:05","2021-02-16 17:01:05"
357,test357,testpwd357,유저357,01000000000,"2021-02-16 17:01:05","2021-02-16 17:01:05"
358,test358,testpwd358,유저358,01000000000,"2021-02-16 17:01:05","2021-02-16 17:01:05"
359,test359,testpwd359,유저359,01000000000,"2021-02-16 17:01:05","2021-02-16 17:01:05"
360,test360,testpwd360,유저360,01000000000,"2021-02-16 17:01:05","2021-02-16 17:01:05"
361,test361,testpwd361,유저361,01000000000,"2021-02-16 17:01:05","2021-02-16 17:01:05"
362,test362,testpwd362,유저362,01000000000,"2021-02-16 17:01:05","2021-02-16 17:01:05"
363,test363,testpwd363,유저363,01000000000,"2021-02-16 17:01:05","2021-02-16 17:01:05"
364,test364,testpwd364,유저364,01000000000,"2021-02-16 17:01:05","2021-02-16 17:01:05"
365,test365,testpwd365,유저365,01000000000,"2021-02-16 17:01:05","2021-02-16 17:01:05"
366,test366,testpwd366,유저366,01000000000,"2021-02-16 17:01:05","2021-02-16 17:01:05"
367,test367,testpwd367,유저367,01000000000,"2021-02-16 17:01:05","2021-02-16 17:01:05"
368,test368,testpwd368,유저368,01000000000,"2021-02-16 17:01:05","2021-02-16 17:01:05"
369,test369,testpwd369,유저369,01000000000,"2021-02-16 17:01:05","2021-02-16 17:01:05"
370,test370,testpwd370,유저370,01000000000,"2021-02-16 17:01:05","2021-02-16 17:01:05"
371,test371,testpwd371,유저371,01000000000,"2021-02-16 17:01:05","2021-02-16 17:01:05"
372,test372,testpwd372,유저372,01000000000,"2021-02-16 17:01:05","2021-02-16 17:01:05"
373,test373,testpwd373,유저373,01000000000,"2021-02-16 17:01:05","2021-02-16 17:01:05"
374,test374,testpwd374,유저374,01000000000,"2021-02-16 17:01:05","2021-02-16 17:01:05"
375,test375,testpwd375,유저375,01000000000,"2021-02-16 17:01:05","2021-02-16 17:01:05"
376,test376,testpwd376,유저376,01000000000,"2021-02-16 17:01:06","2021-02-16 17:01:06"
377,test377,testpwd377,유저377,01000000000,"2021-02-16 17:01:06","2021-02-16 17:01:06"
378,test378,testpwd378,유저378,01000000000,"2021-02-16 17:01:06","2021-02-16 17:01:06"
379,test379,testpwd379,유저379,01000000000,"2021-02-16 17:01:06","2021-02-16 17:01:06"
380,test380,testpwd380,유저380,01000000000,"2021-02-16 17:01:06","2021-02-16 17:01:06"
381,test381,testpwd381,유저381,01000000000,"2021-02-16 17:01:06","2021-02-16 17:01:06"
382,test382,testpwd382,유저382,01000000000,"2021-02-16 17:01:06","2021-02-16 17:01:06"
383,test383,testpwd383,유저383,01000000000,"2021-02-16 17:01:06","2021-02-16 17:01:06"
384,test384,testpwd384,유저384,01000000000,"2021-02-16 17:01:06","2021-02-16 17:01:06"
385,test385,testpwd385,유저385,01000000000,"2021-02-16 17:01:06","2021-02-16 17:01:06"
386,test386,testpwd386,유저386,01000000000,"2021-02-16 17:01:06","2021-02-16 17:01:06"
387,test387,testpwd387,유저387,01000000000,"2021-02-16 17:01:06","2021-02-16 17:01:06"
388,test388,testpwd388,유저388,01000000000,"2021-02-16 17:01:06","2021-02-16 17:01:06"
389,test389,testpwd389,유저389,01000000000,"2021-02-16 17:01:06","2021-02-16 17:01:06"
390,test390,testpwd390,유저390,01000000000,"2021-02-16 17:01:06","2021-02-16 17:01:06"
391,test391,testpwd391,유저391,01000000000,"2021-02-16 17:01:06","2021-02-16 17:01:06"
392,test392,testpwd392,유저392,01000000000,"2021-02-16 17:01:06","2021-02-16 17:01:06"
393,test393,testpwd393,유저393,01000000000,"2021-02-16 17:01:06","2021-02-16 17:01:06"
394,test394,testpwd394,유저394,01000000000,"2021-02-16 17:01:06","2021-02-16 17:01:06"
395,test395,testpwd395,유저395,01000000000,"2021-02-16 17:01:06","2021-02-16 17:01:06"
396,test396,testpwd396,유저396,01000000000,"2021-02-16 17:01:06","2021-02-16 17:01:06"
397,test397,testpwd397,유저397,01000000000,"2021-02-16 17:01:06","2021-02-16 17:01:06"
398,test398,testpwd398,유저398,01000000000,"2021-02-16 17:01:06","2021-02-16 17:01:06"
399,test399,testpwd399,유저399,01000000000,"2021-02-16 17:01:06","2021-02-16 17:01:06"
400,test400,testpwd400,유저400,01000000000,"2021-02-16 17:01:06","2021-02-16 17:01:06"
401,test401,testpwd401,유저401,01000000000,"2021-02-16 17:01:06","2021-02-16 17:01:06"
402,test402,testpwd402,유저402,01000000000,"2021-02-16 17:01:06","2021-02-16 17:01:06"
403,test403,testpwd403,유저403,01000000000,"2021-02-16 17:01:06","2021-02-16 17:01:06"
404,test404,testpwd404,유저404,01000000000,"2021-02-16 17:01:06","2021-02-16 17:01:06"
405,test405,testpwd405,유저405,01000000000,"2021-02-16 17:01:06","2021-02-16 17:01:06"
406,test406,testpwd406,유저406,01000000000,"2021-02-16 17:01:06","2021-02-16 17:01:06"
407,test407,testpwd407,유저407,01000000000,"2021-02-16 17:01:06","2021-02-16 17:01:06"
408,test408,testpwd408,유저408,01000000000,"2021-02-16 17:01:06","2021-02-16 17:01:06"
409,test409,testpwd409,유저409,01000000000,"2021-02-16 17:01:06","2021-02-16 17:01:06"
410,test410,testpwd410,유저410,01000000000,"2021-02-16 17:01:06","2021-02-16 17:01:06"
411,test411,testpwd411,유저411,01000000000,"2021-02-16 17:01:06","2021-02-16 17:01:06"
412,test412,testpwd412,유저412,01000000000,"2021-02-16 17:01:06","2021-02-16 17:01:06"
413,test413,testpwd413,유저413,01000000000,"2021-02-16 17:01:06","2021-02-16 17:01:06"
414,test414,testpwd414,유저414,01000000000,"2021-02-16 17:01:06","2021-02-16 17:01:06"
415,test415,testpwd415,유저415,01000000000,"2021-02-16 17:01:06","2021-02-16 17:01:06"
416,test416,testpwd416,유저416,01000000000,"2021-02-16 17:01:06","2021-02-16 17:01:06"
417,test417,testpwd417,유저417,01000000000,"2021-02-16 17:01:07","2021-02-16 17:01:07"
418,test418,testpwd418,유저418,01000000000,"2021-02-16 17:01:07","2021-02-16 17:01:07"
419,test419,testpwd419,유저419,01000000000,"2021-02-16 17:01:07","2021-02-16 17:01:07"
420,test420,testpwd420,유저420,01000000000,"2021-02-16 17:01:07","2021-02-16 17:01:07"
421,test421,testpwd421,유저421,01000000000,"2021-02-16 17:01:07","2021-02-16 17:01:07"
422,test422,testpwd422,유저422,01000000000,"2021-02-16 17:01:07","2021-02-16 17:01:07"
423,test423,testpwd423,유저423,01000000000,"2021-02-16 17:01:07","2021-02-16 17:01:07"
424,test424,testpwd424,유저424,01000000000,"2021-02-16 17:01:07","2021-02-16 17:01:07"
425,test425,testpwd425,유저425,01000000000,"2021-02-16 17:01:07","2021-02-16 17:01:07"
426,test426,testpwd426,유저426,01000000000,"2021-02-16 17:01:07","2021-02-16 17:01:07"
427,test427,testpwd427,유저427,01000000000,"2021-02-16 17:01:07","2021-02-16 17:01:07"
428,test428,testpwd428,유저428,01000000000,"2021-02-16 17:01:07","2021-02-16 17:01:07"
429,test429,testpwd429,유저429,01000000000,"2021-02-16 17:01:07","2021-02-16 17:01:07"
430,test430,testpwd430,유저430,01000000000,"2021-02-16 17:01:07","2021-02-16 17:01:07"
431,test431,testpwd431,유저431,01000000000,"2021-02-16 17:01:07","2021-02-16 17:01:07"
432,test432,testpwd432,유저432,01000000000,"2021-02-16 17:01:07","2021-02-16 17:01:07"
433,test433,testpwd433,유저433,01000000000,"2021-02-16 17:01:07","2021-02-16 17:01:07"
434,test434,testpwd434,유저434,01000000000,"2021-02-16 17:01:07","2021-02-16 17:01:07"
435,test435,testpwd435,유저435,01000000000,"2021-02-16 17:01:07","2021-02-16 17:01:07"
436,test436,testpwd436,유저436,01000000000,"2021-02-16 17:01:07","2021-02-16 17:01:07"
437,test437,testpwd437,유저437,01000000000,"2021-02-16 17:01:07","2021-02-16 17:01:07"
438,test438,testpwd438,유저438,01000000000,"2021-02-16 17:01:07","2021-02-16 17:01:07"
439,test439,testpwd439,유저439,01000000000,"2021-02-16 17:01:07","2021-02-16 17:01:07"
440,test440,testpwd440,유저440,01000000000,"2021-02-16 17:01:07","2021-02-16 17:01:07"
441,test441,testpwd441,유저441,01000000000,"2021-02-16 17:01:07","2021-02-16 17:01:07"
442,test442,testpwd442,유저442,01000000000,"2021-02-16 17:01:07","2021-02-16 17:01:07"
443,test443,testpwd443,유저443,01000000000,"2021-02-16 17:01:07","2021-02-16 17:01:07"
444,test444,testpwd444,유저444,01000000000,"2021-02-16 17:01:07","2021-02-16 17:01:07"
445,test445,testpwd445,유저445,01000000000,"2021-02-16 17:01:07","2021-02-16 17:01:07"
446,test446,testpwd446,유저446,01000000000,"2021-02-16 17:01:07","2021-02-16 17:01:07"
447,test447,testpwd447,유저447,01000000000,"2021-02-16 17:01:07","2021-02-16 17:01:07"
448,test448,testpwd448,유저448,01000000000,"2021-02-16 17:01:07","2021-02-16 17:01:07"
449,test449,testpwd449,유저449,01000000000,"2021-02-16 17:01:07","2021-02-16 17:01:07"
450,test450,testpwd450,유저450,01000000000,"2021-02-16 17:01:08","2021-02-16 17:01:08"
451,test451,testpwd451,유저451,01000000000,"2021-02-16 17:01:08","2021-02-16 17:01:08"
452,test452,testpwd452,유저452,01000000000,"2021-02-16 17:01:08","2021-02-16 17:01:08"
453,test453,testpwd453,유저453,01000000000,"2021-02-16 17:01:08","2021-02-16 17:01:08"
454,test454,testpwd454,유저454,01000000000,"2021-02-16 17:01:08","2021-02-16 17:01:08"
455,test455,testpwd455,유저455,01000000000,"2021-02-16 17:01:08","2021-02-16 17:01:08"
456,test456,testpwd456,유저456,01000000000,"2021-02-16 17:01:08","2021-02-16 17:01:08"
457,test457,testpwd457,유저457,01000000000,"2021-02-16 17:01:08","2021-02-16 17:01:08"
458,test458,testpwd458,유저458,01000000000,"2021-02-16 17:01:08","2021-02-16 17:01:08"
459,test459,testpwd459,유저459,01000000000,"2021-02-16 17:01:08","2021-02-16 17:01:08"
460,test460,testpwd460,유저460,01000000000,"2021-02-16 17:01:08","2021-02-16 17:01:08"
461,test461,testpwd461,유저461,01000000000,"2021-02-16 17:01:08","2021-02-16 17:01:08"
462,test462,testpwd462,유저462,01000000000,"2021-02-16 17:01:08","2021-02-16 17:01:08"
463,test463,testpwd463,유저463,01000000000,"2021-02-16 17:01:08","2021-02-16 17:01:08"
464,test464,testpwd464,유저464,01000000000,"2021-02-16 17:01:08","2021-02-16 17:01:08"
465,test465,testpwd465,유저465,01000000000,"2021-02-16 17:01:08","2021-02-16 17:01:08"
466,test466,testpwd466,유저466,01000000000,"2021-02-16 17:01:08","2021-02-16 17:01:08"
467,test467,testpwd467,유저467,01000000000,"2021-02-16 17:01:08","2021-02-16 17:01:08"
468,test468,testpwd468,유저468,01000000000,"2021-02-16 17:01:08","2021-02-16 17:01:08"
469,test469,testpwd469,유저469,01000000000,"2021-02-16 17:01:08","2021-02-16 17:01:08"
470,test470,testpwd470,유저470,01000000000,"2021-02-16 17:01:08","2021-02-16 17:01:08"
471,test471,testpwd471,유저471,01000000000,"2021-02-16 17:01:08","2021-02-16 17:01:08"
472,test472,testpwd472,유저472,01000000000,"2021-02-16 17:01:08","2021-02-16 17:01:08"
473,test473,testpwd473,유저473,01000000000,"2021-02-16 17:01:08","2021-02-16 17:01:08"
474,test474,testpwd474,유저474,01000000000,"2021-02-16 17:01:08","2021-02-16 17:01:08"
475,test475,testpwd475,유저475,01000000000,"2021-02-16 17:01:08","2021-02-16 17:01:08"
476,test476,testpwd476,유저476,01000000000,"2021-02-16 17:01:08","2021-02-16 17:01:08"
477,test477,testpwd477,유저477,01000000000,"2021-02-16 17:01:08","2021-02-16 17:01:08"
478,test478,testpwd478,유저478,01000000000,"2021-02-16 17:01:08","2021-02-16 17:01:08"
479,test479,testpwd479,유저479,01000000000,"2021-02-16 17:01:08","2021-02-16 17:01:08"
480,test480,testpwd480,유저480,01000000000,"2021-02-16 17:01:08","2021-02-16 17:01:08"
481,test481,testpwd481,유저481,01000000000,"2021-02-16 17:01:08","2021-02-16 17:01:08"
482,test482,testpwd482,유저482,01000000000,"2021-02-16 17:01:08","2021-02-16 17:01:08"
483,test483,testpwd483,유저483,01000000000,"2021-02-16 17:01:08","2021-02-16 17:01:08"
484,test484,testpwd484,유저484,01000000000,"2021-02-16 17:01:08","2021-02-16 17:01:08"
485,test485,testpwd485,유저485,01000000000,"2021-02-16 17:01:08","2021-02-16 17:01:08"
486,test486,testpwd486,유저486,01000000000,"2021-02-16 17:01:08","2021-02-16 17:01:08"
487,test487,testpwd487,유저487,01000000000,"2021-02-16 17:01:08","2021-02-16 17:01:08"
488,test488,testpwd488,유저488,01000000000,"2021-02-16 17:01:08","2021-02-16 17:01:08"
489,test489,testpwd489,유저489,01000000000,"2021-02-16 17:01:08","2021-02-16 17:01:08"
490,test490,testpwd490,유저490,01000000000,"2021-02-16 17:01:08","2021-02-16 17:01:08"
491,test491,testpwd491,유저491,01000000000,"2021-02-16 17:01:09","2021-02-16 17:01:09"
492,test492,testpwd492,유저492,01000000000,"2021-02-16 17:01:09","2021-02-16 17:01:09"
493,test493,testpwd493,유저493,01000000000,"2021-02-16 17:01:09","2021-02-16 17:01:09"
494,test494,testpwd494,유저494,01000000000,"2021-02-16 17:01:09","2021-02-16 17:01:09"
495,test495,testpwd495,유저495,01000000000,"2021-02-16 17:01:09","2021-02-16 17:01:09"
496,test496,testpwd496,유저496,01000000000,"2021-02-16 17:01:09","2021-02-16 17:01:09"
497,test497,testpwd497,유저497,01000000000,"2021-02-16 17:01:09","2021-02-16 17:01:09"
498,test498,testpwd498,유저498,01000000000,"2021-02-16 17:01:09","2021-02-16 17:01:09"
499,test499,testpwd499,유저499,01000000000,"2021-02-16 17:01:09","2021-02-16 17:01:09"
500,test500,testpwd500,유저500,01000000000,"2021-02-16 17:01:09","2021-02-16 17:01:09"
